GroundTruth,Prediction,AbsoluteError
13,22.08083,9.080828
52,14.29198,37.70802
87,14.02263,72.97736
13,9.352669,3.647331
72,15.27038,56.72961
13,16.06275,3.06275
13,9.516503,3.483497
12,21.08632,9.086321
12,9.908669,2.091331
0,9.271116,9.271116
12,13.1599,1.159898
0,16.12724,16.12724
63,10.17499,52.82501
79,17.72373,61.27627
12,15.608,3.607999
14,10.25733,3.742672
12,14.69031,2.690314
13,13.39148,0.3914843
45,17.88219,27.11781
12,10.34111,1.658893
12,11.56159,0.438405
0,22.81526,22.81526
12,9.521871,2.478129
82,18.38052,63.61948
12,19.88787,7.887873
0,11.88691,11.88691
53,13.18672,39.81328
14,9.998633,4.001367
12,17.32493,5.324928
12,9.420123,2.579877
13,27.81929,14.81929
12,10.28298,1.717017
13,9.824082,3.175918
73,12.87114,60.12886
0,9.553498,9.553498
13,12.15322,0.8467779
12,9.622903,2.377097
14,10.47139,3.528605
64,10.02726,53.97274
0,9.073731,9.073731
12,13.03518,1.035177
0,9.490237,9.490237
12,13.49865,1.498647
12,9.861913,2.138087
12,15.08543,3.085429
13,20.83305,7.83305
12,10.47417,1.525832
12,22.49651,10.49651
0,16.30005,16.30005
12,23.60933,11.60933
13,10.15941,2.840586
12,15.17436,3.174357
12,22.70368,10.70368
0,13.8835,13.8835
0,9.189444,9.189444
12,11.49911,0.5008898
12,22.04878,10.04878
13,9.503482,3.496518
13,11.49756,1.502437
0,9.30177,9.30177
12,20.94475,8.944748
13,10.47692,2.523084
53,15.22993,37.77007
13,14.89694,1.896937
12,9.629465,2.370535
0,13.98179,13.98179
12,17.67012,5.670118
13,9.896912,3.103088
12,12.11987,0.1198664
12,27.10319,15.10319
12,12.36471,0.364706
0,17.07881,17.07881
13,18.56745,5.56745
13,9.422909,3.577091
13,10.29415,2.705846
0,11.43833,11.43833
13,9.381201,3.618799
13,14.1592,1.159204
13,9.070551,3.929449
12,25.38282,13.38282
0,9.294031,9.294031
13,10.18293,2.817074
12,10.03172,1.968278
12,10.91304,1.086963
12,28.41714,16.41714
13,9.872561,3.127439
12,10.15585,1.844149
12,14.24155,2.241549
12,14.24699,2.246995
61,19.11489,41.88511
53,10.04204,42.95796
0,9.53445,9.53445
12,13.54215,1.542153
12,9.542771,2.457229
13,14.04864,1.048635
57,16.31288,40.68713
12,9.43328,2.56672
13,9.879252,3.120748
12,19.22386,7.22386
0,16.10626,16.10626
0,9.683156,9.683156
0,8.8351,8.8351
12,12.71398,0.7139769
13,12.3577,0.6422987
12,9.922901,2.077099
14,10.28527,3.71473
49,9.873378,39.12662
13,13.20877,0.2087708
12,17.8181,5.818096
13,10.3947,2.605301
12,9.433722,2.566278
12,9.690364,2.309636
12,9.588019,2.411981
12,9.878129,2.121871
13,11.66461,1.335391
13,15.02653,2.02653
12,19.40578,7.405779
13,10.21273,2.787271
13,13.66187,0.6618719
12,11.83495,0.1650534
12,10.65873,1.341271
13,10.82839,2.171608
13,20.60222,7.602221
12,9.895885,2.104115
12,9.972098,2.027902
13,15.4643,2.464304
13,12.38235,0.6176481
0,9.049704,9.049704
13,9.574698,3.425302
12,12.69959,0.6995897
12,10.18855,1.811446
78,17.99243,60.00757
74,19.71794,54.28206
0,22.81526,22.81526
13,15.1115,2.111497
12,43.16385,31.16385
13,9.621766,3.378234
12,12.8763,0.8762989
87,14.02263,72.97736
12,10.64473,1.355273
12,9.173704,2.826296
12,12.32076,0.3207626
12,9.92025,2.07975
12,10.38152,1.618481
12,22.05096,10.05096
12,10.93489,1.06511
13,13.75099,0.7509937
13,11.82003,1.179975
13,10.1678,2.832198
0,13.30186,13.30186
12,9.550952,2.449048
0,12.01744,12.01744
13,9.337659,3.662341
13,9.87901,3.12099
12,9.897003,2.102997
13,12.24766,0.7523413
12,9.368834,2.631166
0,9.615077,9.615077
14,15.13129,1.131286
13,9.795909,3.204091
13,9.142509,3.857491
71,21.08111,49.91889
13,16.45232,3.452324
13,14.34542,1.345421
14,13.23676,0.7632408
13,10.54913,2.450871
13,13.58831,0.5883131
12,25.87597,13.87597
12,10.97334,1.026665
12,12.73136,0.7313576
12,9.548859,2.451141
46,9.755822,36.24418
12,16.47005,4.470045
12,10.844,1.156
0,9.27226,9.27226
56,13.24924,42.75076
12,14.7768,2.776797
0,10.52284,10.52284
12,9.772303,2.227697
13,12.86825,0.1317453
93,18.74584,74.25416
0,18.30731,18.30731
0,10.02891,10.02891
12,13.49186,1.49186
79,26.33411,52.66589
0,9.280417,9.280417
56,35.92226,20.07774
12,17.69037,5.690374
12,10.88815,1.111847
12,12.23742,0.2374182
13,20.99851,7.998507
12,9.793965,2.206035
13,10.55345,2.446548
12,9.755229,2.244771
84,30.57854,53.42146
13,17.17842,4.178417
13,9.43854,3.56146
12,16.40808,4.408081
12,9.208938,2.791062
13,9.121252,3.878748
12,11.10029,0.8997116
71,15.63248,55.36752
0,9.63664,9.63664
12,22.08236,10.08236
12,13.64198,1.641985
0,9.115698,9.115698
54,19.6981,34.3019
12,16.86591,4.865908
12,17.34078,5.340776
56,16.09379,39.90621
0,9.390843,9.390843
12,13.14099,1.140986
53,32.19375,20.80625
12,9.548124,2.451876
58,13.35344,44.64656
12,10.326,1.673998
0,9.223714,9.223714
12,16.27835,4.278355
0,9.22819,9.22819
12,10.84829,1.151708
12,10.38875,1.611253
72,13.71867,58.28133
12,22.69667,10.69667
12,13.48155,1.481555
13,10.30385,2.696149
12,9.440337,2.559663
13,17.18875,4.188747
13,13.31474,0.3147449
12,9.624753,2.375247
14,14.6998,0.6997976
87,14.02263,72.97736
12,26.61142,14.61142
0,10.22444,10.22444
64,16.57423,47.42577
12,21.15483,9.154827
0,9.205361,9.205361
61,55.80666,5.193336
13,9.140693,3.859307
0,10.69853,10.69853
62,17.1691,44.8309
0,22.81526,22.81526
12,14.49617,2.496169
13,19.54787,6.547873
14,9.45675,4.54325
12,10.47732,1.522679
12,10.10921,1.890787
13,10.19966,2.800344
12,9.1152,2.8848
0,13.22965,13.22965
13,15.6432,2.643195
12,10.04788,1.952117
12,9.088718,2.911282
12,16.07741,4.077412
57,12.91621,44.08379
13,17.93528,4.935278
14,9.458964,4.541036
12,14.92018,2.920182
12,9.56671,2.43329
13,12.79538,0.2046175
0,13.87168,13.87168
13,19.04222,6.042219
12,11.97032,0.02968121
12,13.16167,1.161668
0,10.24294,10.24294
12,13.94551,1.94551
12,10.12335,1.876649
0,9.073857,9.073857
13,13.93999,0.93999
56,15.7165,40.2835
12,10.42218,1.577817
12,9.839004,2.160996
12,13.11209,1.112093
12,9.925258,2.074742
13,14.04887,1.048875
54,10.54267,43.45732
59,20.39142,38.60857
73,21.00324,51.99676
72,14.34533,57.65467
14,9.378372,4.621628
12,13.6871,1.6871
0,9.264174,9.264174
12,9.409781,2.590219
12,14.32078,2.320778
12,11.16648,0.8335199
12,17.95494,5.954939
12,16.99738,4.997383
54,10.05177,43.94823
62,13.71343,48.28658
13,9.837228,3.162772
0,9.347815,9.347815
12,9.388305,2.611695
12,9.151454,2.848546
12,11.97032,0.02968121
12,9.439947,2.560053
61,47.57973,13.42027
12,10.84815,1.151846
54,21.40484,32.59516
76,9.471322,66.52868
13,9.429996,3.570004
13,10.21619,2.783813
58,10.74944,47.25056
12,18.31499,6.314985
12,10.84839,1.151609
0,13.35013,13.35013
0,9.76479,9.76479
12,12.73333,0.7333326
12,10.18795,1.812055
13,10.40808,2.591919
13,16.99804,3.998041
12,9.481784,2.518216
54,12.33307,41.66693
12,10.33191,1.66809
13,9.168858,3.831142
0,9.816787,9.816787
53,20.03483,32.96517
12,14.36706,2.367059
14,9.651423,4.348577
54,13.50663,40.49337
12,9.731194,2.268806
12,27.88855,15.88855
13,15.4194,2.419402
12,9.491253,2.508747
111,10.02812,100.9719
12,11.53576,0.4642401
12,14.76416,2.764157
12,14.77484,2.774839
12,13.57563,1.575627
12,9.355569,2.644431
12,18.35963,6.359634
12,15.81325,3.813247
57,12.66415,44.33585
0,12.26972,12.26972
0,10.41586,10.41586
0,22.21277,22.21277
13,10.53216,2.467845
0,12.44748,12.44748
0,10.57078,10.57078
0,11.65616,11.65616
0,9.272504,9.272504
13,15.94737,2.947373
12,9.530846,2.469154
12,9.508505,2.491495
12,9.365931,2.634069
0,9.556256,9.556256
0,18.68271,18.68271
13,13.93166,0.9316597
13,9.461314,3.538686
12,9.696774,2.303226
12,9.37311,2.62689
12,11.46751,0.5324907
12,9.487222,2.512778
73,10.42541,62.57459
12,20.04589,8.045885
12,9.1566,2.8434
12,15.71829,3.718286
73,9.87256,63.12744
13,13.27403,0.2740316
12,13.90155,1.901549
13,25.92874,12.92874
12,10.30007,1.699929
0,10.12212,10.12212
12,14.86118,2.861182
12,9.846543,2.153457
0,9.996703,9.996703
12,9.087789,2.912211
12,10.93215,1.067853
12,11.91074,0.08926392
12,16.46335,4.463346
14,15.81168,1.811677
12,13.43404,1.43404
57,17.45624,39.54375
57,24.93829,32.06171
12,9.686233,2.313767
12,10.31136,1.688641
12,10.18756,1.812442
13,14.67412,1.674121
12,9.612746,2.387254
13,11.45613,1.543869
12,15.10923,3.109229
12,13.21801,1.218007
12,14.39245,2.392451
12,10.66946,1.330538
12,10.99662,1.003379
0,9.460709,9.460709
99,10.40214,88.59785
13,17.98599,4.985987
12,10.29354,1.706456
78,13.22315,64.77685
13,10.21797,2.782034
12,11.83053,0.1694736
0,14.7006,14.7006
12,10.12271,1.877287
12,17.28385,5.283852
63,16.26137,46.73863
12,9.537773,2.462227
56,11.55455,44.44545
13,9.465492,3.534508
12,16.86142,4.861416
12,13.11761,1.117612
43,10.02715,32.97285
54,12.43973,41.56027
13,12.84568,0.1543226
13,16.16528,3.165281
13,25.03444,12.03444
12,11.52057,0.4794321
87,14.02263,72.97736
13,9.949986,3.050014
12,10.55383,1.446173
13,13.84955,0.8495455
89,9.801939,79.19806
0,9.492153,9.492153
13,9.717344,3.282656
12,15.73224,3.73224
99,14.43005,84.56995
56,10.01318,45.98682
13,11.38564,1.614363
12,9.106336,2.893664
12,13.59626,1.596265
12,14.70078,2.700775
12,12.0989,0.09889603
12,9.657761,2.342239
12,11.83569,0.1643076
12,9.46918,2.53082
0,13.63787,13.63787
13,20.47972,7.479715
12,17.85342,5.853422
57,15.23639,41.7636
57,10.46664,46.53336
12,14.26278,2.262784
12,11.07613,0.923871
69,31.21816,37.78184
12,9.49747,2.50253
0,10.86489,10.86489
12,9.043609,2.956391
12,9.921625,2.078375
12,25.69132,13.69132
13,14.7992,1.799205
14,10.14649,3.853515
12,12.71663,0.7166328
13,16.38811,3.388113
13,14.53162,1.531621
12,13.55796,1.557958
58,19.93762,38.06239
12,11.69111,0.3088942
12,11.63766,0.3623419
13,11.70961,1.290387
12,14.42984,2.429841
53,18.39262,34.60738
52,14.80731,37.19269
53,18.4389,34.5611
12,9.51669,2.48331
57,9.865525,47.13448
54,9.923764,44.07624
13,10.30299,2.697011
13,10.0912,2.9088
12,13.1766,1.176602
13,19.28995,6.289948
12,9.785472,2.214528
57,15.30018,41.69982
74,10.65012,63.34988
12,9.924321,2.075679
12,20.83833,8.838331
13,9.509702,3.490298
57,11.06432,45.93568
12,9.275158,2.724842
74,10.11656,63.88344
0,17.30726,17.30726
12,10.08994,1.910062
57,9.932239,47.06776
14,11.2197,2.780301
12,9.549146,2.450854
12,20.80904,8.809042
12,9.594712,2.405288
12,10.14824,1.85176
13,10.06466,2.935337
13,21.95971,8.959715
12,12.91837,0.9183655
12,12.15955,0.1595507
0,9.188897,9.188897
12,10.63721,1.362787
13,17.32341,4.323414
12,10.0079,1.992104
13,20.25616,7.256161
53,12.04832,40.95168
14,9.487437,4.512563
12,9.199069,2.800931
13,10.47341,2.526587
44,19.66444,24.33556
13,9.614161,3.385839
12,9.365601,2.634399
12,10.53914,1.460859
12,11.06986,0.9301386
12,9.549321,2.450679
13,9.479014,3.520986
12,9.17629,2.82371
0,12.73147,12.73147
13,10.08511,2.914891
71,12.34751,58.65249
12,9.346217,2.653783
0,8.880403,8.880403
0,9.772433,9.772433
0,10.97568,10.97568
13,15.31285,2.312852
12,17.16897,5.16897
12,9.195978,2.804022
12,16.28864,4.288645
61,55.80666,5.193336
12,14.08169,2.081687
12,10.08826,1.911744
57,12.91621,44.08379
113,23.72184,89.27816
56,15.5238,40.4762
0,9.316314,9.316314
12,15.76813,3.768134
56,15.73994,40.26006
13,9.359917,3.640083
13,10.54401,2.455995
14,16.19867,2.198673
0,10.12356,10.12356
0,9.326402,9.326402
12,9.167739,2.832261
12,10.21689,1.783109
12,14.03426,2.034257
13,10.32373,2.676266
14,10.55622,3.443785
12,9.407701,2.592299
12,9.975464,2.024536
58,14.6275,43.3725
12,15.49239,3.492389
12,16.76238,4.762384
14,10.33698,3.663022
0,13.24017,13.24017
13,10.40268,2.59732
12,9.297303,2.702697
13,18.11926,5.119265
63,14.4502,48.5498
13,9.576221,3.423779
12,23.33791,11.33791
13,9.077584,3.922416
14,10.32355,3.676448
12,11.97032,0.02968121
53,10.39271,42.60729
12,12.2373,0.2372961
12,17.48579,5.48579
0,9.401341,9.401341
12,9.202153,2.797847
12,9.105642,2.894358
12,21.62836,9.628359
13,10.72971,2.270288
0,9.490743,9.490743
68,11.60989,56.39011
12,13.10272,1.102717
12,19.73531,7.735306
13,17.25607,4.256067
13,9.225319,3.774681
12,16.12799,4.127989
0,9.862983,9.862983
12,17.0925,5.092497
0,10.05,10.05
12,9.775234,2.224766
12,9.189774,2.810226
52,15.51226,36.48774
13,24.14153,11.14153
12,16.59142,4.591421
12,9.914329,2.085671
71,12.34751,58.65249
13,12.20667,0.7933302
12,9.160653,2.839347
13,18.69976,5.69976
0,38.01458,38.01458
13,9.524755,3.475245
57,12.91621,44.08379
12,13.08469,1.084693
71,10.35249,60.64751
12,9.729774,2.270226
12,13.53258,1.532582
47,9.726081,37.27392
12,9.674975,2.325025
12,9.722764,2.277236
12,19.47174,7.471739
61,55.80666,5.193336
12,17.99461,5.99461
13,9.940141,3.059859
53,14.3729,38.6271
13,9.228024,3.771976
12,9.90318,2.09682
13,9.627519,3.372481
13,12.43219,0.5678148
86,21.06746,64.93253
12,9.696704,2.303296
13,15.3967,2.396703
14,9.456695,4.543305
73,14.14389,58.85611
12,27.06042,15.06042
12,10.87558,1.124421
13,10.30912,2.690879
12,9.642555,2.357445
12,19.66696,7.66696
12,9.223842,2.776158
12,21.00521,9.005205
71,12.34751,58.65249
12,12.44608,0.4460783
13,12.07198,0.9280157
12,12.19422,0.1942215
12,18.65417,6.654171
12,14.97801,2.978013
12,10.43785,1.562149
56,16.48953,39.51047
12,17.84843,5.848429
54,9.59976,44.40024
12,9.790453,2.209547
0,9.16478,9.16478
0,9.370671,9.370671
12,15.7695,3.769495
12,27.85524,15.85524
12,10.97083,1.029172
13,9.082,3.918
12,9.5314,2.4686
13,19.37346,6.373457
13,10.76606,2.233937
12,9.554846,2.445154
13,9.495418,3.504582
14,10.1072,3.892798
12,15.67936,3.679358
0,22.55308,22.55308
12,11.3504,0.6495981
0,9.970511,9.970511
0,21.25034,21.25034
53,15.79569,37.20431
12,12.80793,0.8079348
12,11.4974,0.5025969
13,22.98737,9.987366
12,9.684634,2.315366
54,22.28411,31.71589
12,9.92398,2.07602
12,9.430495,2.569505
13,11.05818,1.941824
56,13.84155,42.15845
13,10.85027,2.149734
71,12.34751,58.65249
12,10.94006,1.059941
12,12.06263,0.06262589
13,9.417825,3.582175
58,15.89901,42.10099
13,19.01175,6.011747
0,9.700727,9.700727
13,19.94373,6.943733
0,9.600369,9.600369
12,11.33713,0.6628675
12,9.053851,2.946149
12,10.51396,1.486045
81,9.702055,71.29794
0,9.428852,9.428852
12,20.40544,8.405439
12,9.73557,2.26443
12,12.58471,0.5847082
12,10.42539,1.574609
12,9.664199,2.335801
61,55.80666,5.193336
12,9.670976,2.329024
12,12.49879,0.4987936
12,9.447342,2.552658
12,12.82294,0.822938
13,12.24795,0.7520533
13,13.8079,0.8079004
12,11.41471,0.5852938
12,16.33508,4.335075
12,9.20288,2.79712
12,9.89726,2.10274
12,16.10763,4.10763
56,23.40267,32.59733
61,55.80666,5.193336
13,16.51137,3.511374
0,11.10116,11.10116
0,10.58345,10.58345
13,17.20334,4.203344
71,11.30276,59.69724
12,12.39231,0.392314
12,11.29764,0.702364
14,13.16595,0.8340473
14,11.8789,2.1211
12,9.261882,2.738118
13,10.6615,2.338503
53,10.91979,42.08021
58,15.3723,42.6277
12,11.51404,0.485961
12,15.82454,3.82454
12,12.72116,0.721158
12,12.34486,0.344861
14,9.7768,4.2232
76,9.861682,66.13832
12,11.83604,0.1639576
12,16.30269,4.302694
12,9.998658,2.001342
12,14.80262,2.80262
12,9.80244,2.19756
12,21.41185,9.411846
58,11.13642,46.86358
12,14.00911,2.00911
12,10.45449,1.545508
12,10.04424,1.955758
12,9.75159,2.24841
13,9.736747,3.263253
0,17.42525,17.42525
0,11.33447,11.33447
12,18.24329,6.243286
14,15.9141,1.914099
12,11.37082,0.629178
59,10.71467,48.28533
12,10.19317,1.806834
12,9.953827,2.046173
12,11.72683,0.2731676
13,9.829125,3.170875
12,9.310573,2.689427
0,16.19411,16.19411
12,9.408132,2.591868
12,14.37368,2.373684
12,22.58092,10.58092
12,20.3058,8.305803
71,12.34751,58.65249
71,12.34751,58.65249
12,9.128407,2.871593
71,15.43233,55.56767
12,9.915799,2.084201
12,11.17244,0.8275633
12,10.14136,1.858641
53,17.95026,35.04974
12,10.91444,1.085561
44,16.2143,27.7857
13,22.45832,9.458323
13,18.8352,5.835197
12,23.60813,11.60813
12,15.83295,3.832954
12,14.1431,2.143102
59,14.09249,44.90751
57,25.30103,31.69897
12,20.82264,8.822641
0,8.907884,8.907884
12,23.4804,11.4804
13,21.21382,8.213818
0,13.60647,13.60647
12,23.49685,11.49685
12,10.10834,1.891658
13,10.20745,2.792548
12,9.586002,2.413998
57,15.83637,41.16363
13,9.696091,3.303909
13,11.79166,1.208344
12,9.95154,2.04846
0,9.24007,9.24007
12,10.57345,1.426551
87,14.02263,72.97736
12,27.81104,15.81104
12,13.49002,1.490018
14,12.07904,1.920962
13,9.720498,3.279502
0,11.29193,11.29193
0,9.254113,9.254113
71,12.34751,58.65249
13,32.74148,19.74148
13,10.72762,2.272382
89,13.58447,75.41553
12,10.96336,1.036635
13,10.10487,2.895131
0,9.603759,9.603759
12,12.30371,0.3037081
13,9.440326,3.559674
68,13.93181,54.06819
13,10.52315,2.476853
0,9.2356,9.2356
12,9.92998,2.07002
13,25.75801,12.75801
92,20.50393,71.49606
12,10.33645,1.663554
13,11.37483,1.625173
57,13.0067,43.9933
13,14.11706,1.117058
114,22.9476,91.05241
0,21.44854,21.44854
12,9.423004,2.576996
12,10.50378,1.496221
12,14.14906,2.149063
56,21.01631,34.98369
12,9.325092,2.674908
12,18.83344,6.833441
12,10.5167,1.483304
12,24.44212,12.44212
0,10.01462,10.01462
13,22.7296,9.729601
12,9.404752,2.595248
12,12.76846,0.7684622
12,14.30306,2.303061
13,12.55934,0.4406643
12,9.41196,2.58804
57,11.39163,45.60836
12,9.521935,2.478065
12,14.37963,2.379627
0,13.24239,13.24239
13,11.10799,1.892009
12,10.38319,1.616806
12,11.97032,0.02968121
0,22.81526,22.81526
14,12.7935,1.206499
12,10.30736,1.692639
12,12.48511,0.4851055
13,10.12146,2.878543
13,23.05219,10.05219
13,9.485401,3.514599
12,11.0179,0.9821043
13,10.15103,2.848966
12,13.21825,1.218246
12,9.314515,2.685485
13,9.083327,3.916673
12,27.60213,15.60213
12,10.17811,1.821891
12,10.79945,1.200545
56,11.8826,44.1174
12,30.61386,18.61386
12,9.987933,2.012067
0,9.287257,9.287257
13,10.03705,2.962955
13,9.720042,3.279958
12,11.57967,0.4203291
66,11.73617,54.26382
13,12.73455,0.2654467
12,10.43145,1.568545
12,9.579933,2.420067
12,9.886688,2.113312
12,9.628704,2.371296
13,9.714631,3.285369
12,28.21357,16.21357
13,9.864888,3.135112
87,14.02263,72.97736
12,9.351271,2.648729
13,14.89867,1.898671
57,12.91621,44.08379
63,14.03606,48.96394
0,9.234914,9.234914
12,10.22109,1.778908
71,12.34751,58.65249
12,9.109897,2.890103
12,9.627824,2.372176
12,14.23051,2.230513
12,12.30264,0.30264
12,10.27473,1.725273
13,9.839469,3.160531
13,15.20592,2.205916
0,9.873691,9.873691
12,10.18141,1.818591
0,9.019555,9.019555
12,21.65879,9.658792
13,9.485513,3.514487
13,14.53971,1.539712
12,18.42439,6.424391
13,9.625091,3.374909
12,14.33833,2.338326
12,18.75938,6.759382
103,19.8088,83.1912
12,15.70005,3.700053
12,10.1522,1.8478
84,14.98416,69.01584
12,13.52731,1.527308
12,16.30583,4.30583
13,13.44489,0.444891
12,9.584527,2.415473
13,12.91556,0.084445
76,9.934691,66.06531
72,18.94598,53.05402
12,9.426291,2.573709
12,10.56189,1.438106
12,9.668409,2.331591
0,11.46116,11.46116
12,9.956867,2.043133
56,12.57735,43.42265
12,10.33116,1.668842
0,14.60715,14.60715
12,14.80181,2.801808
12,10.03255,1.96745
12,9.062102,2.937898
12,15.67782,3.677815
12,10.40583,1.594167
13,13.52387,0.5238724
47,23.70308,23.29692
13,12.82542,0.1745825
13,12.93368,0.06631947
13,13.57429,0.5742912
12,9.692021,2.307979
12,13.59476,1.594765
46,17.29175,28.70825
12,11.98389,0.01611423
12,17.79595,5.79595
12,11.21842,0.7815771
12,16.83113,4.831125
12,32.14503,20.14503
0,17.43519,17.43519
0,14.21665,14.21665
94,10.2292,83.77081
57,17.5638,39.4362
0,9.18168,9.18168
57,12.91621,44.08379
0,22.81526,22.81526
12,13.16767,1.167666
13,10.27088,2.729123
13,15.36563,2.365626
13,10.67145,2.328553
13,14.16284,1.162845
13,9.526174,3.473826
12,14.44503,2.445025
0,18.63261,18.63261
71,12.34751,58.65249
81,10.01269,70.98731
12,14.10927,2.109267
13,9.31253,3.68747
12,11.51358,0.4864178
0,10.41027,10.41027
13,9.283873,3.716127
13,24.43053,11.43053
12,9.416699,2.583301
0,9.078139,9.078139
12,21.24358,9.243576
12,10.02999,1.970013
13,9.504738,3.495262
13,16.5737,3.573704
81,17.78684,63.21316
13,9.357812,3.642188
13,18.15766,5.157661
13,9.452736,3.547264
12,10.72612,1.273882
13,10.68151,2.318486
0,9.798535,9.798535
0,13.87162,13.87162
13,10.28074,2.719258
57,21.9822,35.0178
78,10.13759,67.86241
12,15.60531,3.605309
12,9.096852,2.903148
12,28.03612,16.03612
12,9.708046,2.291954
79,14.98606,64.01395
13,9.954192,3.045808
58,14.98293,43.01707
12,9.20252,2.79748
0,9.315622,9.315622
56,9.91608,46.08392
54,21.69378,32.30621
12,9.708795,2.291205
12,9.475257,2.524743
13,12.83569,0.1643133
79,9.636373,69.36362
12,14.07247,2.072468
0,19.86055,19.86055
12,10.41984,1.580156
13,9.929477,3.070523
12,12.75908,0.7590847
98,21.94428,76.05573
12,9.192655,2.807345
13,9.837916,3.162084
13,9.511576,3.488424
13,10.47857,2.521428
12,9.376144,2.623856
13,10.72028,2.279721
12,9.646605,2.353395
59,12.52829,46.47171
12,9.538074,2.461926
12,18.61017,6.610167
12,12.30449,0.304491
12,9.839134,2.160866
12,11.36015,0.6398458
14,22.51311,8.513109
12,16.15425,4.154245
13,11.99899,1.001013
12,9.532596,2.467404
0,16.73744,16.73744
71,12.34751,58.65249
13,9.461809,3.538191
12,10.36144,1.638564
12,12.5909,0.5908976
13,9.15857,3.84143
12,9.109809,2.890191
0,12.52562,12.52562
58,13.15072,44.84929
0,21.55112,21.55112
13,10.16996,2.830041
12,13.42321,1.423207
12,9.93897,2.06103
12,9.01828,2.98172
72,19.20609,52.79391
0,22.81526,22.81526
12,13.78798,1.787982
12,15.8312,3.831197
93,13.94673,79.05328
13,11.63689,1.363108
14,10.34996,3.650038
13,9.630604,3.369396
12,14.25609,2.256089
57,12.91621,44.08379
13,15.90094,2.900945
13,10.59088,2.409122
12,14.0334,2.033404
46,13.64605,32.35395
13,9.330844,3.669156
0,9.006122,9.006122
12,17.63708,5.637075
12,10.17968,1.820319
0,13.61379,13.61379
13,10.34843,2.651567
12,11.17297,0.827035
13,10.35711,2.642888
0,12.78555,12.78555
12,9.890379,2.109621
13,14.69468,1.694676
13,17.33937,4.339369
12,17.32973,5.329729
12,9.688949,2.311051
13,9.640166,3.359834
12,14.32432,2.324321
12,14.66231,2.662306
12,11.01898,0.9810152
0,14.9668,14.9668
13,17.31492,4.314917
57,12.74655,44.25345
12,11.93515,0.06484795
12,20.53471,8.534712
12,11.25825,0.7417459
13,15.11338,2.113382
12,10.16227,1.837733
12,10.54248,1.457522
61,13.96623,47.03377
0,15.6203,15.6203
12,9.323174,2.676826
0,9.209398,9.209398
12,15.21894,3.218941
71,24.76361,46.23639
13,9.056926,3.943074
12,13.23245,1.232453
13,33.43717,20.43717
13,9.705027,3.294973
12,11.11804,0.881958
44,11.85257,32.14743
12,10.18248,1.817515
12,25.48537,13.48537
14,11.36798,2.632024
13,9.217717,3.782283
12,28.94705,16.94705
0,22.81526,22.81526
13,9.145833,3.854167
12,11.36048,0.6395178
12,10.63634,1.363658
13,9.637341,3.362659
12,21.13606,9.136065
13,9.211207,3.788793
12,12.20375,0.2037544
13,9.403171,3.596829
12,18.45553,6.45553
12,10.39466,1.605338
12,8.97516,3.02484
13,9.917655,3.082345
13,9.613093,3.386907
12,20.1022,8.102201
12,26.17634,14.17634
12,10.20432,1.795679
12,10.48389,1.516114
72,11.67069,60.32931
14,10.1534,3.846598
0,11.13063,11.13063
12,9.901898,2.098102
12,13.48526,1.485255
0,9.49623,9.49623
82,10.47081,71.52918
14,10.09917,3.900832
61,55.80666,5.193336
13,9.45871,3.54129
13,15.87858,2.87858
12,9.090655,2.909345
12,10.35171,1.64829
14,9.709245,4.290755
87,14.02263,72.97736
12,9.790753,2.209247
87,14.02263,72.97736
12,9.504178,2.495822
12,9.609269,2.390731
12,18.83709,6.837088
12,10.05849,1.941507
13,9.713138,3.286862
12,9.982436,2.017564
12,9.156857,2.843143
12,22.61539,10.61539
53,11.93382,41.06618
13,12.33997,0.6600294
13,25.18922,12.18922
12,25.91195,13.91195
0,9.052178,9.052178
12,16.71966,4.719662
58,11.04167,46.95833
12,16.16121,4.161211
13,18.4299,5.429895
0,8.932881,8.932881
0,16.36104,16.36104
12,9.877397,2.122603
12,9.506714,2.493286
12,11.00048,0.9995241
12,11.97032,0.02968121
12,9.374776,2.625224
0,9.817518,9.817518
12,21.15939,9.159391
79,15.08139,63.91861
12,9.601598,2.398402
13,9.559681,3.440319
59,10.88722,48.11278
12,14.44503,2.445031
12,20.00593,8.005928
13,11.10289,1.897109
53,30.65757,22.34243
0,9.229383,9.229383
54,14.94967,39.05033
0,15.47721,15.47721
13,9.936114,3.063886
0,16.41675,16.41675
57,14.23092,42.76908
12,9.224078,2.775922
0,13.6756,13.6756
12,16.15389,4.153889
57,9.903338,47.09666
13,9.199847,3.800153
71,12.34751,58.65249
71,14.56583,56.43417
13,10.08247,2.917525
12,19.21615,7.216154
12,9.538783,2.461217
0,8.929897,8.929897
0,9.409036,9.409036
12,14.02738,2.027385
13,10.04627,2.953732
53,16.86415,36.13585
0,11.53801,11.53801
12,9.797187,2.202813
0,10.8274,10.8274
12,9.983615,2.016385
13,27.08005,14.08005
13,10.59669,2.403307
12,18.4356,6.4356
13,13.27249,0.2724886
0,9.121252,9.121252
12,16.73035,4.730352
0,12.79641,12.79641
12,9.936987,2.063013
97,19.34876,77.65124
12,10.25502,1.744979
13,9.427707,3.572293
12,9.240203,2.759797
0,12.80591,12.80591
13,15.53627,2.536269
12,13.16316,1.163164
13,9.87193,3.12807
43,14.76744,28.23256
12,9.161928,2.838072
57,22.05908,34.94093
13,9.300391,3.699609
0,15.53596,15.53596
12,9.702772,2.297228
13,14.34766,1.347659
12,11.90836,0.09163761
12,9.782977,2.217023
59,9.999218,49.00078
12,9.921916,2.078084
13,10.06985,2.930152
13,12.37237,0.6276255
0,9.303273,9.303273
56,16.12049,39.87951
57,19.07667,37.92333
13,13.97998,0.9799814
12,18.02,6.020004
56,9.893172,46.10683
54,25.50756,28.49244
13,11.68935,1.310651
12,10.49527,1.504733
13,9.592765,3.407235
13,9.462056,3.537944
12,14.83447,2.834465
0,16.29004,16.29004
12,14.22593,2.225932
12,15.26182,3.261815
12,9.662929,2.337071
73,10.31443,62.68557
0,24.69319,24.69319
12,9.431643,2.568357
13,9.710501,3.289499
12,11.35492,0.6450796
0,13.18643,13.18643
12,12.13401,0.1340113
12,9.595044,2.404956
12,10.30345,1.696549
56,10.34852,45.65148
12,10.12123,1.87877
12,16.27197,4.271975
0,9.449862,9.449862
0,9.429036,9.429036
13,13.96211,0.9621077
54,16.62136,37.37864
56,38.49939,17.50061
53,18.29084,34.70916
13,10.32078,2.679215
0,9.642682,9.642682
12,9.135272,2.864728
12,10.72773,1.272271
12,9.54574,2.45426
13,25.45592,12.45592
13,16.36145,3.361448
12,10.81133,1.18867
12,9.397562,2.602438
12,12.04176,0.04176426
12,14.21027,2.210275
13,10.52284,2.477157
12,9.353745,2.646255
12,10.69228,1.307716
12,12.99237,0.9923658
77,11.3975,65.60251
0,18.37958,18.37958
0,10.34199,10.34199
87,14.02263,72.97736
13,16.69122,3.691217
0,15.72918,15.72918
12,12.37902,0.3790169
43,16.57533,26.42467
12,10.09692,1.903079
86,9.77134,76.22866
12,10.24026,1.759745
12,12.90157,0.9015703
71,12.34751,58.65249
0,10.12343,10.12343
12,17.57372,5.573715
13,12.87671,0.1232882
12,11.97032,0.02968121
12,9.195279,2.804721
57,16.47925,40.52075
64,14.91533,49.08466
87,14.02263,72.97736
12,11.59796,0.4020357
12,11.61301,0.3869905
12,9.682027,2.317973
57,19.33316,37.66684
68,17.44711,50.55289
12,10.00415,1.995847
13,18.9293,5.929304
14,10.66589,3.334108
13,11.59157,1.408429
14,10.5205,3.479498
12,13.34347,1.34347
0,9.305429,9.305429
12,10.56231,1.437691
12,12.42935,0.4293528
0,8.967988,8.967988
12,14.038,2.037995
77,14.78645,62.21355
12,9.319824,2.680176
0,10.20988,10.20988
62,19.09442,42.90558
13,10.00204,2.997955
83,21.14907,61.85093
0,9.644986,9.644986
12,16.61818,4.618179
13,9.322826,3.677174
12,9.259922,2.740078
12,10.1796,1.820403
12,10.26021,1.739785
0,10.23868,10.23868
13,10.76433,2.235669
12,10.43754,1.562457
12,11.13246,0.8675432
12,19.48543,7.485434
0,10.28477,10.28477
0,19.78997,19.78997
12,11.88808,0.1119184
0,9.071889,9.071889
12,9.85441,2.14559
0,9.128757,9.128757
12,12.83293,0.8329268
0,9.206353,9.206353
13,14.20767,1.207665
12,10.84879,1.151214
12,23.5466,11.5466
12,9.963758,2.036242
13,9.334651,3.665349
13,9.654597,3.345403
57,17.03086,39.96914
12,10.33634,1.663663
12,9.773093,2.226907
0,10.21492,10.21492
12,9.623925,2.376075
12,32.8916,20.8916
12,10.1124,1.887596
46,10.51495,35.48505
13,9.53869,3.46131
12,23.81626,11.81626
74,16.94479,57.05521
0,9.385486,9.385486
12,14.65025,2.650254
12,23.54472,11.54472
13,14.30307,1.303067
12,9.96142,2.03858
82,12.97554,69.02446
12,11.99109,0.00891304
12,9.478036,2.521964
0,11.092,11.092
0,9.67664,9.67664
12,11.86664,0.133358
12,9.557812,2.442188
12,21.1708,9.170799
13,13.0478,0.0477953
12,10.68877,1.311229
0,9.349375,9.349375
12,9.553787,2.446213
0,15.0902,15.0902
12,11.87237,0.1276293
0,9.122636,9.122636
12,24.32996,12.32996
14,10.40681,3.593185
13,9.489567,3.510433
0,13.22133,13.22133
13,9.846476,3.153524
0,15.63078,15.63078
13,11.80413,1.195873
12,11.28052,0.7194805
12,16.77978,4.779776
12,11.06343,0.9365692
12,10.38463,1.615369
13,10.06199,2.93801
13,9.165172,3.834828
13,14.02296,1.022962
12,9.803269,2.196731
12,13.65265,1.652652
57,10.49612,46.50388
12,9.554486,2.445514
12,14.85232,2.852319
82,14.0669,67.9331
0,9.073731,9.073731
12,18.55573,6.555733
12,12.8723,0.8723011
0,10.58058,10.58058
12,11.69148,0.3085222
12,16.33251,4.332514
71,12.34751,58.65249
0,14.28551,14.28551
12,10.08604,1.913961
12,10.28579,1.714211
13,13.75391,0.7539101
13,15.22118,2.22118
12,16.8299,4.829905
12,9.422944,2.577056
12,17.56217,5.56217
13,9.557531,3.442469
12,9.563481,2.436519
12,14.70679,2.706795
12,9.588288,2.411712
57,9.609588,47.39041
13,12.96145,0.03854656
12,9.505865,2.494135
13,14.10671,1.106711
54,12.20566,41.79434
12,16.05045,4.050451
54,11.32838,42.67162
12,10.56759,1.43241
14,9.467831,4.532169
12,9.710746,2.289254
64,19.14566,44.85434
56,24.93042,31.06958
13,15.12631,2.126306
12,18.84573,6.845728
12,10.80767,1.192328
12,14.10191,2.101914
12,9.930893,2.069107
12,10.3504,1.649598
12,9.555055,2.444945
12,13.55349,1.553486
13,15.32653,2.326531
87,14.02263,72.97736
12,9.777098,2.222902
0,10.20953,10.20953
12,12.05199,0.05199051
69,10.87459,58.12541
12,10.08589,1.914107
13,9.259868,3.740132
12,18.61017,6.610168
12,15.78275,3.782748
12,9.615043,2.384957
110,23.56912,86.43089
13,14.36396,1.363959
12,10.92235,1.077647
61,10.13311,50.86689
12,14.5419,2.541897
12,10.21457,1.785429
12,23.29181,11.29181
12,10.28618,1.713817
13,10.40153,2.598475
12,18.03171,6.031708
13,10.69287,2.30713
13,12.40001,0.599987
12,9.911806,2.088194
12,9.334418,2.665582
13,15.42978,2.42978
58,11.13642,46.86358
13,9.42022,3.57978
12,15.52186,3.521865
13,11.71792,1.282078
56,12.30151,43.69849
57,13.93451,43.06549
12,9.221915,2.778085
14,11.61439,2.385608
13,10.72182,2.278185
12,9.453052,2.546948
12,11.5962,0.4037981
12,11.06585,0.9341478
73,13.70612,59.29388
13,9.375985,3.624015
12,10.69874,1.301265
12,16.08268,4.082678
12,9.267752,2.732248
12,12.1555,0.1555023
12,17.61692,5.616924
54,9.824405,44.17559
12,13.44775,1.447745
0,9.072145,9.072145
12,9.6332,2.3668
13,9.238095,3.761905
12,9.983591,2.016409
54,14.72277,39.27723
54,15.92757,38.07243
12,22.43907,10.43907
13,13.1484,0.1484003
12,9.946997,2.053003
12,10.08107,1.918935
12,12.1956,0.1956024
13,9.564429,3.435571
12,13.20545,1.205445
0,9.968812,9.968812
13,29.11583,16.11583
0,12.16909,12.16909
57,14.59554,42.40446
13,10.19789,2.802112
12,14.77753,2.777529
12,14.85171,2.851706
12,9.796094,2.203906
12,11.84505,0.1549454
0,8.912637,8.912637
12,32.58553,20.58553
12,13.08087,1.08087
12,9.240058,2.759942
57,13.31915,43.68085
13,11.56301,1.436992
12,10.0679,1.932101
13,9.616757,3.383243
71,11.23834,59.76166
87,14.02263,72.97736
12,9.853972,2.146028
83,15.18841,67.81159
12,12.34486,0.3448572
0,31.38314,31.38314
0,13.55013,13.55013
12,24.44752,12.44752
12,10.03226,1.967737
12,12.10641,0.1064053
12,10.01074,1.989264
12,12.58089,0.5808916
61,19.47724,41.52277
54,12.35496,41.64503
12,13.47959,1.479589
14,16.24481,2.244808
12,15.27745,3.277448
12,14.49629,2.496294
12,19.81322,7.813215
0,14.38768,14.38768
62,10.84646,51.15354
13,9.529605,3.470395
12,10.81075,1.189252
71,12.34751,58.65249
0,9.876737,9.876737
13,10.51476,2.485245
12,10.03555,1.964455
12,9.370008,2.629992
12,9.501073,2.498927
12,10.43889,1.561112
12,15.65149,3.651492
12,9.420774,2.579226
13,9.939891,3.060109
12,17.34385,5.343849
12,9.737853,2.262147
61,55.80666,5.193336
13,9.961739,3.038261
12,9.997577,2.002423
12,9.475924,2.524076
13,11.96444,1.035561
12,13.16916,1.169155
12,14.16243,2.16243
12,16.51138,4.511377
12,18.81126,6.811264
13,13.11213,0.1121264
12,9.821692,2.178308
12,21.7284,9.728399
12,13.25847,1.25847
13,10.35853,2.641471
13,19.57561,6.575615
12,13.59917,1.599166
61,55.80666,5.193336
0,17.0675,17.0675
12,9.327121,2.672879
12,12.93776,0.9377623
12,9.3502,2.6498
13,13.00764,0.007637978
12,9.421397,2.578603
12,10.00944,1.990562
0,13.68197,13.68197
89,10.30172,78.69828
12,10.67057,1.329428
12,13.68487,1.684866
12,13.45554,1.455541
54,10.05182,43.94818
13,10.19981,2.800186
13,9.457513,3.542487
12,34.40559,22.40559
12,15.0431,3.0431
13,10.12608,2.873917
12,23.38276,11.38276
0,13.04504,13.04504
87,14.02263,72.97736
14,12.63477,1.365232
12,10.50402,1.495978
13,9.559127,3.440873
0,9.395259,9.395259
76,29.33673,46.66328
13,10.09828,2.901725
12,10.9763,1.023704
74,9.871735,64.12827
12,13.67083,1.670829
69,16.76455,52.23544
12,9.423078,2.576922
0,11.61836,11.61836
13,15.69082,2.690816
13,21.01621,8.016212
12,15.59799,3.597994
12,9.620266,2.379734
12,9.717251,2.282749
12,9.603298,2.396702
0,15.38018,15.38018
12,9.43464,2.56536
12,9.905017,2.094983
13,10.64964,2.350362
13,16.46929,3.469286
0,10.33105,10.33105
12,9.928467,2.071533
13,13.02957,0.02956963
63,13.79959,49.20041
0,9.219239,9.219239
0,9.305604,9.305604
12,11.17346,0.82654
12,9.529569,2.470431
61,19.24034,41.75967
72,18.57185,53.42815
13,17.02127,4.021269
12,21.02529,9.02529
13,9.950055,3.049945
13,21.73113,8.731134
0,12.24642,12.24642
12,10.56823,1.431773
12,9.474266,2.525734
12,11.57288,0.427124
12,9.500059,2.499941
14,11.30509,2.69491
13,10.15307,2.846928
13,21.67202,8.672016
12,16.68172,4.681725
0,15.62091,15.62091
12,9.261774,2.738226
12,11.57483,0.4251661
12,10.52553,1.474469
0,10.44958,10.44958
12,11.50366,0.496335
12,9.231554,2.768446
0,9.097562,9.097562
12,10.84172,1.158284
13,23.03906,10.03906
54,10.07711,43.92289
12,11.63122,0.3687792
12,9.265668,2.734332
13,20.99002,7.990021
12,20.6945,8.694498
13,17.68841,4.688412
12,21.52896,9.528955
12,16.32476,4.324759
66,10.27578,55.72422
14,10.96352,3.036477
12,11.84498,0.1550207
13,9.555426,3.444574
12,14.83345,2.83345
13,10.45754,2.542457
57,17.77768,39.22232
12,26.64125,14.64125
13,9.871772,3.128228
13,9.33839,3.66161
83,24.61136,58.38864
12,9.783343,2.216657
12,9.776739,2.223261
14,9.948575,4.051425
0,10.83984,10.83984
12,10.37941,1.620586
12,13.92988,1.929875
12,14.2963,2.296297
13,9.477651,3.522349
14,9.37025,4.62975
12,12.1538,0.1538019
14,10.05276,3.947236
12,15.9124,3.912403
0,10.32533,10.32533
54,26.81664,27.18336
12,14.98148,2.981483
12,11.07946,0.9205446
12,12.43602,0.436017
12,9.658639,2.341361
12,11.35448,0.6455212
54,16.91805,37.08195
13,9.384879,3.615121
12,10.24646,1.753539
13,20.47262,7.472624
0,19.1708,19.1708
12,9.433702,2.566298
12,11.2349,0.7651033
12,9.333909,2.666091
12,9.900963,2.099037
12,10.36998,1.630017
13,13.68532,0.6853151
12,9.899049,2.100951
12,12.43749,0.4374895
12,9.169436,2.830564
12,13.07765,1.077653
13,23.69364,10.69364
12,17.80524,5.805243
13,9.241909,3.758091
87,14.02263,72.97736
12,9.671901,2.328099
0,15.28951,15.28951
73,9.342109,63.65789
12,9.135756,2.864244
13,26.52369,13.52369
13,21.536,8.536001
0,9.334729,9.334729
12,12.62129,0.6212931
13,22.41665,9.416647
12,15.27902,3.279024
12,9.37231,2.62769
13,9.448485,3.551515
12,11.00821,0.991785
12,9.391324,2.608676
12,13.32297,1.322968
14,10.05336,3.94664
0,9.033222,9.033222
72,30.91786,41.08215
13,16.93474,3.934742
12,23.38769,11.38769
13,9.811722,3.188278
0,9.581944,9.581944
12,9.828074,2.171926
13,21.25307,8.253073
12,10.42841,1.571594
13,18.88015,5.880148
12,9.954435,2.045565
12,8.780858,3.219142
13,10.53601,2.463987
12,9.396361,2.603639
79,16.14203,62.85797
14,10.73774,3.262259
0,9.370562,9.370562
82,10.65176,71.34824
13,9.648196,3.351804
13,9.369798,3.630202
12,17.56026,5.560263
52,19.52512,32.47488
56,30.56139,25.43861
77,9.790011,67.20999
12,9.57138,2.42862
14,10.06454,3.935457
0,9.855868,9.855868
56,15.66111,40.33889
12,16.99567,4.995672
12,9.968053,2.031947
12,9.135877,2.864123
12,13.27979,1.279786
13,15.77696,2.776961
13,12.69486,0.3051395
12,9.312361,2.687639
12,9.186851,2.813149
13,9.621144,3.378856
13,10.49172,2.508282
56,14.80237,41.19764
12,9.751776,2.248224
12,32.57077,20.57077
12,22.33167,10.33167
57,10.16476,46.83524
13,9.537817,3.462183
12,9.220398,2.779602
12,11.48844,0.5115595
12,10.02205,1.977955
12,20.27148,8.271482
12,20.74944,8.749441
0,9.123509,9.123509
0,9.788025,9.788025
12,25.04404,13.04404
13,11.10618,1.893817
12,21.77376,9.773756
71,12.41186,58.58814
13,13.9436,0.9436007
12,21.68773,9.687731
12,13.61853,1.61853
12,9.862031,2.137969
12,12.76651,0.7665052
12,13.10911,1.109105
0,17.33183,17.33183
0,9.939544,9.939544
12,9.764194,2.235806
13,9.626927,3.373073
12,14.44276,2.44276
12,13.84585,1.845847
13,13.8927,0.8927031
12,10.38549,1.614509
0,22.81526,22.81526
12,14.63363,2.633626
82,19.83529,62.16471
12,10.86624,1.133759
78,10.17482,67.82517
0,16.77672,16.77672
12,9.87322,2.12678
12,11.55317,0.4468317
12,13.85025,1.850251
12,14.93354,2.933539
12,17.69421,5.694214
87,14.02263,72.97736
12,13.39691,1.396911
12,11.33394,0.6660614
61,55.80666,5.193336
58,12.43843,45.56157
54,10.01981,43.98019
12,10.85767,1.142325
13,9.247291,3.752709
12,11.8994,0.1005964
0,10.07568,10.07568
12,9.837178,2.162822
13,9.340152,3.659848
12,12.48645,0.4864531
12,14.54158,2.541583
12,9.422177,2.577823
12,14.24002,2.240024
13,12.67775,0.3222523
54,12.36129,41.63871
12,12.1411,0.1410952
76,17.41704,58.58295
12,17.327,5.327002
12,12.42784,0.4278421
13,10.29627,2.703729
59,16.25354,42.74646
13,10.45832,2.541677
13,9.982385,3.017615
13,22.11217,9.112173
13,9.367206,3.632794
12,25.23352,13.23352
13,14.19451,1.194506
12,10.85415,1.145848
12,11.80204,0.1979628
13,9.867873,3.132127
12,10.48597,1.514031
12,20.08286,8.082861
12,9.641623,2.358377
12,12.01627,0.01627159
13,13.10139,0.1013937
12,16.10507,4.105072
13,17.21336,4.213364
12,19.90348,7.903482
12,9.892882,2.107118
13,10.25733,2.742675
12,17.01172,5.011717
12,15.38115,3.381154
12,9.625831,2.374169
12,10.11576,1.884245
12,16.14967,4.149668
12,19.5737,7.573702
72,16.82434,55.17567
76,22.09676,53.90324
13,9.586606,3.413394
0,12.89213,12.89213
13,19.65612,6.656118
13,16.74003,3.740032
0,9.768241,9.768241
54,10.67164,43.32836
12,11.98219,0.01780987
0,11.07783,11.07783
12,15.41761,3.417607
12,18.13043,6.130428
12,9.236586,2.763414
12,16.12972,4.129723
12,9.584064,2.415936
0,13.48022,13.48022
13,9.372951,3.627049
12,10.04798,1.952018
81,9.468966,71.53104
12,17.20377,5.203772
12,19.88263,7.882627
12,11.06366,0.9363384
12,10.04188,1.958123
13,9.058941,3.941059
12,9.744294,2.255706
12,12.77842,0.7784195
12,10.59022,1.409783
0,9.347182,9.347182
12,13.02857,1.028567
13,10.12577,2.874229
12,9.707502,2.292498
12,20.78498,8.784979
12,11.00269,0.9973097
71,10.63844,60.36156
0,9.443727,9.443727
12,9.155593,2.844407
58,20.17756,37.82244
12,22.1989,10.1989
12,14.42087,2.420871
13,10.21528,2.78472
13,17.67617,4.676168
48,13.10982,34.89018
0,10.24822,10.24822
12,13.19545,1.195449
12,14.99387,2.993867
56,14.13391,41.86609
13,9.940262,3.059738
12,10.6362,1.363805
57,23.92468,33.07532
56,18.16496,37.83504
12,10.08645,1.913552
13,15.10197,2.101971
12,11.7625,0.2374983
13,9.811843,3.188157
12,9.29731,2.70269
12,12.05204,0.05204105
72,13.26375,58.73624
12,9.268224,2.731776
12,9.888193,2.111807
12,9.756991,2.243009
12,9.257972,2.742028
63,11.36559,51.63441
12,10.58876,1.411241
0,22.35195,22.35195
13,22.37866,9.37866
68,16.00106,51.99894
12,10.02242,1.977575
62,15.76073,46.23927
0,13.23966,13.23966
0,10.07647,10.07647
12,9.614193,2.385807
0,12.92223,12.92223
12,14.25792,2.257922
0,13.89295,13.89295
12,10.66105,1.338948
105,9.777868,95.22213
12,9.071828,2.928172
13,14.36807,1.368073
12,9.242694,2.757306
12,9.641632,2.358368
59,9.991912,49.00809
13,25.45687,12.45687
12,13.72902,1.729022
0,16.9067,16.9067
12,17.31369,5.313688
58,11.13642,46.86358
56,11.82883,44.17117
12,10.01164,1.98836
63,13.94842,49.05158
12,10.16432,1.835679
12,15.30238,3.302381
14,10.55697,3.443028
13,9.442773,3.557227
12,14.99545,2.995452
12,34.03048,22.03048
13,9.595068,3.404932
0,14.05234,14.05234
13,10.63611,2.36389
12,13.48741,1.487409
12,14.49278,2.492784
0,9.417653,9.417653
12,11.91119,0.08881283
12,12.30917,0.3091669
12,10.33317,1.666831
0,9.251956,9.251956
56,9.862056,46.13794
12,9.664336,2.335664
93,19.04665,73.95335
12,16.98818,4.988184
12,13.19148,1.191477
13,9.753489,3.246511
12,18.76832,6.768322
0,15.4117,15.4117
14,10.65631,3.343694
13,9.691242,3.308758
12,10.91932,1.080679
67,15.93518,51.06482
101,11.51483,89.48517
0,13.66393,13.66393
12,11.02768,0.9723158
13,11.95145,1.048552
77,17.70453,59.29546
12,9.113057,2.886943
13,17.00805,4.008045
53,22.40626,30.59374
13,11.04908,1.950919
12,15.97465,3.974652
12,15.80437,3.804371
13,9.665311,3.334689
12,8.963759,3.036241
47,14.43116,32.56884
12,9.592066,2.407934
56,14.72223,41.27777
12,14.64544,2.645435
12,12.45883,0.4588308
13,9.151378,3.848622
12,14.81209,2.812089
12,9.583216,2.416784
12,10.32795,1.672054
0,11.93574,11.93574
13,10.03388,2.966121
12,9.999146,2.000854
13,20.5796,7.579599
12,9.315519,2.684481
13,8.945354,4.054646
74,15.69252,58.30748
13,9.585996,3.414004
12,9.473554,2.526446
58,25.17218,32.82782
12,14.77233,2.772326
12,9.783643,2.216357
12,9.33735,2.66265
12,12.68918,0.6891766
12,9.575004,2.424996
13,14.5225,1.522499
53,17.8401,35.1599
12,21.22868,9.228678
57,19.59569,37.40431
58,9.860288,48.13971
14,26.06696,12.06696
12,9.61683,2.38317
56,11.91922,44.08078
13,20.17402,7.174015
13,10.09804,2.90196
12,9.421149,2.578851
12,9.251702,2.748298
12,11.28734,0.7126608
13,9.350288,3.649712
12,10.59711,1.402895
71,12.34751,58.65249
12,16.34307,4.343073
12,12.3732,0.3732004
12,9.17629,2.82371
12,8.992979,3.007021
13,10.43696,2.563043
12,11.95645,0.04355431
14,9.712085,4.287915
53,19.18419,33.81581
12,9.56717,2.43283
12,15.07984,3.079837
12,9.30569,2.69431
12,37.55974,25.55974
12,9.088618,2.911382
13,10.82479,2.175205
54,17.5242,36.4758
62,15.46626,46.53374
12,12.7736,0.7736044
53,11.95025,41.04975
12,10.48992,1.510077
12,11.47897,0.5210266
13,10.17396,2.826043
13,15.60728,2.607284
76,19.43388,56.56612
12,10.15847,1.841532
58,21.91177,36.08823
12,10.35031,1.649688
13,13.92127,0.9212742
13,8.934115,4.065885
12,18.92313,6.923134
13,16.03766,3.037664
12,9.105314,2.894686
12,14.37599,2.375995
12,10.64226,1.357741
14,9.910208,4.089792
12,11.97032,0.02968121
12,9.697717,2.302283
12,10.76426,1.235741
12,9.348122,2.651878
13,22.50292,9.50292
13,9.695998,3.304002
12,9.704462,2.295538
72,10.11014,61.88986
84,10.2488,73.75121
12,17.59235,5.592348
53,17.79413,35.20587
13,10.73481,2.265195
12,22.45542,10.45542
12,13.04198,1.041984
0,12.95776,12.95776
13,9.53213,3.46787
13,16.51371,3.513712
0,10.67368,10.67368
12,10.93987,1.06013
12,10.13179,1.868205
13,9.520179,3.479821
0,9.565824,9.565824
0,9.406217,9.406217
12,10.04058,1.959422
12,9.912084,2.087916
0,19.21917,19.21917
12,11.52087,0.4791346
12,11.33539,0.6646051
12,9.835253,2.164747
12,9.863475,2.136525
87,14.02263,72.97736
13,9.274447,3.725553
12,9.834525,2.165475
12,9.430532,2.569468
12,9.772174,2.227826
12,12.31327,0.3132706
0,10.00376,10.00376
87,14.02263,72.97736
12,13.18577,1.185767
12,12.53496,0.534955
0,14.69746,14.69746
12,9.462865,2.537135
13,25.16054,12.16054
54,21.90072,32.09927
12,15.58451,3.584512
0,10.34949,10.34949
13,26.02537,13.02537
13,12.00308,0.9969206
13,11.07042,1.929582
84,18.7195,65.2805
12,10.24351,1.75649
54,13.11837,40.88163
77,16.75884,60.24116
12,17.1951,5.195097
54,21.89216,32.10784
12,9.357089,2.642911
12,10.30786,1.692138
12,22.48719,10.48719
12,9.446836,2.553164
12,14.88899,2.888994
12,11.51194,0.488061
12,10.71045,1.28955
71,12.34751,58.65249
87,9.644135,77.35587
71,12.34751,58.65249
12,10.5203,1.479701
12,12.39395,0.3939514
0,11.90782,11.90782
12,13.10561,1.105607
12,15.27128,3.271279
0,16.07787,16.07787
13,16.27728,3.277275
13,19.00891,6.008905
13,9.869582,3.130418
12,10.04906,1.950935
12,11.48532,0.5146761
12,13.85749,1.857488
13,10.86455,2.135446
0,16.10563,16.10563
13,9.562866,3.437134
13,9.826387,3.173613
12,20.57614,8.576139
13,9.797286,3.202714
12,14.1202,2.120199
13,9.449908,3.550092
54,13.6091,40.3909
12,11.47463,0.5253706
57,19.5849,37.4151
12,10.85201,1.147987
13,9.504408,3.495592
12,16.25926,4.25926
12,9.897056,2.102944
12,10.45817,1.541829
12,15.91096,3.910955
0,9.49934,9.49934
0,8.833807,8.833807
52,10.73739,41.26262
13,9.122131,3.877869
12,10.7153,1.284696
54,19.52634,34.47366
0,10.69222,10.69222
12,10.36002,1.639984
12,12.84947,0.8494654
0,10.85909,10.85909
12,11.84176,0.1582394
12,10.18683,1.813172
13,9.590272,3.409728
12,9.325646,2.674354
13,10.4895,2.510495
12,14.05095,2.050955
12,11.44267,0.5573263
12,11.26944,0.7305555
0,13.94272,13.94272
13,9.346676,3.653324
13,16.63402,3.634024
12,10.67762,1.322384
12,17.64751,5.647509
0,12.28973,12.28973
12,10.06464,1.935363
12,20.95509,8.955091
56,16.38541,39.61459
12,13.37675,1.376754
56,9.831428,46.16857
12,9.682817,2.317183
0,9.806222,9.806222
13,10.62061,2.379386
12,9.800376,2.199624
12,10.8766,1.123398
12,9.412957,2.587043
12,9.977428,2.022572
73,10.13679,62.8632
13,9.537884,3.462116
12,16.70972,4.709717
13,10.48738,2.512616
12,10.16978,1.830222
13,10.16574,2.834256
57,13.17869,43.82131
12,9.24334,2.75666
12,9.965627,2.034373
12,14.21054,2.210543
0,9.875469,9.875469
12,10.24764,1.752356
13,11.81785,1.182146
12,9.190493,2.809507
12,13.22405,1.224054
12,13.67091,1.670915
13,9.582752,3.417248
13,11.07053,1.92947
13,11.48753,1.512467
0,9.30698,9.30698
13,9.237831,3.762169
13,17.25695,4.256948
13,9.419282,3.580718
0,9.284537,9.284537
13,22.50582,9.505816
12,21.23507,9.235071
13,20.76437,7.764368
12,13.29001,1.290008
12,17.13826,5.138258
0,9.10402,9.10402
0,10.75157,10.75157
13,13.0784,0.0783987
71,13.11689,57.88311
12,17.72511,5.725109
14,8.933954,5.066046
71,12.34751,58.65249
59,20.03081,38.96918
13,26.99054,13.99054
14,10.30447,3.695531
12,9.427663,2.572337
71,12.34751,58.65249
12,18.38959,6.389591
12,10.5568,1.443197
12,10.79706,1.202937
56,10.41994,45.58006
12,9.879216,2.120784
12,9.281592,2.718408
12,19.39918,7.399183
12,9.200948,2.799052
12,10.77512,1.224884
14,11.26802,2.731978
12,9.186549,2.813451
12,10.12629,1.873714
44,17.93502,26.06498
12,9.583176,2.416824
12,37.29107,25.29107
13,9.372948,3.627052
12,10.67364,1.32636
12,10.07074,1.929257
0,9.368142,9.368142
0,15.06809,15.06809
12,9.432283,2.567717
0,9.17323,9.17323
56,10.47552,45.52448
12,9.802339,2.197661
12,10.16753,1.832473
0,9.179912,9.179912
12,10.44554,1.554461
0,9.283922,9.283922
13,9.385544,3.614456
13,16.57916,3.579165
12,9.392932,2.607068
13,16.59764,3.597639
12,12.79264,0.7926359
0,9.412019,9.412019
12,11.06561,0.9343882
13,10.68254,2.317458
12,11.97032,0.02968121
12,10.98485,1.015153
12,10.37108,1.628921
12,9.516245,2.483755
12,11.97032,0.02968121
0,15.48945,15.48945
12,10.78622,1.213778
12,26.324,14.324
12,9.659707,2.340293
12,12.81986,0.8198586
57,12.53642,44.46358
13,20.30002,7.300016
43,27.07065,15.92935
12,14.10098,2.100979
12,10.44105,1.558949
56,10.03945,45.96054
12,14.34905,2.349051
12,17.62878,5.62878
12,15.38917,3.389174
12,18.75407,6.754072
13,10.39673,2.603271
0,10.10608,10.10608
13,9.32562,3.67438
12,9.685466,2.314534
14,10.98494,3.015063
12,28.05387,16.05387
13,9.913245,3.086755
13,9.676373,3.323627
12,24.72153,12.72153
12,16.10646,4.106461
12,12.30572,0.3057194
12,11.73586,0.2641392
78,20.39009,57.60991
12,9.79713,2.20287
13,19.72715,6.727148
12,9.666497,2.333503
13,12.23355,0.766448
12,10.17535,1.824647
13,9.47685,3.52315
13,10.77445,2.225554
0,27.34256,27.34256
54,11.58141,42.41859
0,14.07664,14.07664
13,10.88657,2.113429
53,12.19007,40.80993
12,9.331088,2.668912
61,55.80666,5.193336
13,9.653872,3.346128
13,10.04314,2.956862
0,8.606035,8.606035
13,9.973817,3.026183
0,9.989529,9.989529
12,10.14335,1.85665
13,13.55107,0.5510664
12,14.83194,2.831936
14,13.10878,0.8912163
0,8.603526,8.603526
0,9.452012,9.452012
12,16.28756,4.287556
12,10.34624,1.65376
72,10.82152,61.17849
12,9.532835,2.467165
12,10.92298,1.077022
12,10.42709,1.572912
43,19.84362,23.15638
12,10.38099,1.619008
13,15.52656,2.526561
13,10.15634,2.843664
12,12.03761,0.03761101
12,13.55386,1.55386
0,22.81526,22.81526
12,9.748728,2.251272
12,13.42155,1.421555
12,37.12444,25.12444
12,11.71437,0.285635
12,19.41127,7.41127
12,9.903802,2.096198
13,9.11958,3.88042
12,11.39216,0.6078386
13,10.05804,2.941958
13,14.5837,1.583704
12,32.61422,20.61422
12,9.135343,2.864657
71,12.34751,58.65249
0,13.60846,13.60846
13,12.57552,0.4244795
12,9.112263,2.887737
44,10.30736,33.69264
0,11.13735,11.13735
12,9.480748,2.519252
12,17.04818,5.048178
12,10.0014,1.998595
13,12.0527,0.9473028
54,13.97081,40.02919
13,10.99049,2.009509
13,23.76117,10.76117
13,16.98923,3.989227
12,11.06022,0.9397812
73,11.15059,61.84941
13,13.46935,0.469346
12,12.15479,0.1547947
13,10.23611,2.763888
0,9.452333,9.452333
13,10.5969,2.403103
53,10.21054,42.78946
58,15.31032,42.68968
58,11.13642,46.86358
13,13.51802,0.5180197
12,24.66065,12.66065
12,13.41071,1.410707
13,10.55496,2.445037
13,10.14542,2.854584
0,9.718361,9.718361
12,9.731906,2.268094
12,9.191579,2.808421
12,10.07218,1.927821
13,14.42495,1.424952
12,9.957986,2.042014
0,8.801474,8.801474
13,9.230489,3.769511
12,9.545045,2.454955
12,13.65646,1.656455
12,9.784616,2.215384
0,9.297983,9.297983
0,10.54638,10.54638
12,12.17439,0.1743946
12,9.617452,2.382548
56,15.94004,40.05996
0,9.480497,9.480497
12,9.983339,2.016661
12,12.4589,0.4588985
14,10.15022,3.849776
12,30.51045,18.51045
13,15.45817,2.458169
12,9.564441,2.435559
12,10.62986,1.370137
12,9.22413,2.77587
12,9.404914,2.595086
52,10.4376,41.5624
61,10.11379,50.88621
54,10.11293,43.88707
56,13.51265,42.48735
12,10.38749,1.612508
12,10.33891,1.661094
12,11.99567,0.004325867
0,9.761104,9.761104
57,13.89716,43.10284
13,9.855104,3.144896
12,10.2527,1.747298
13,9.906226,3.093774
12,15.1982,3.198199
69,10.49443,58.50557
13,9.543223,3.456777
0,9.055101,9.055101
12,10.30723,1.692765
12,9.359038,2.640962
12,17.90669,5.906687
12,9.175313,2.824687
61,15.11207,45.88794
0,12.2903,12.2903
12,14.42363,2.423629
12,9.396497,2.603503
81,13.88539,67.11461
0,13.57948,13.57948
0,13.50888,13.50888
12,9.952281,2.047719
12,9.681233,2.318767
12,9.428969,2.571031
12,9.411164,2.588836
12,9.138135,2.861865
53,26.14812,26.85188
12,9.710224,2.289776
71,12.34751,58.65249
12,9.790573,2.209427
12,9.187772,2.812228
12,11.5485,0.4515009
0,9.097725,9.097725
12,13.65163,1.651633
12,23.18871,11.18871
12,13.17419,1.174191
12,11.11301,0.8869915
13,15.28705,2.287046
12,15.77472,3.774722
0,18.80281,18.80281
78,22.16167,55.83833
13,9.687428,3.312572
13,9.41817,3.58183
12,10.01777,1.982226
12,18.2842,6.284197
13,12.23644,0.7635641
13,14.1463,1.146301
12,11.57448,0.4255228
13,10.65397,2.34603
0,11.88011,11.88011
0,9.657128,9.657128
54,10.71074,43.28925
12,9.893327,2.106673
12,14.67155,2.671555
13,9.599746,3.400254
12,9.117805,2.882195
12,9.186177,2.813823
0,11.22946,11.22946
12,9.994256,2.005744
12,9.32841,2.67159
13,9.587766,3.412234
12,12.08203,0.08202744
12,13.8633,1.863303
12,9.370793,2.629207
0,10.27523,10.27523
12,10.12266,1.877337
0,18.45203,18.45203
12,10.45172,1.548284
13,10.10592,2.894078
0,9.506295,9.506295
0,13.24406,13.24406
13,10.60348,2.396518
13,9.691255,3.308745
13,9.297894,3.702106
14,18.28829,4.288294
14,10.36038,3.639615
12,9.407501,2.592499
44,14.97754,29.02246
12,15.81555,3.815548
13,9.727756,3.272244
13,10.93265,2.067354
12,9.461935,2.538065
12,13.11988,1.119878
12,10.81033,1.189672
12,13.38615,1.386147
12,9.297576,2.702424
0,13.01742,13.01742
53,16.10077,36.89923
14,19.22843,5.228426
12,26.98331,14.98331
13,10.88344,2.116559
0,12.43258,12.43258
12,9.831353,2.168647
12,11.89619,0.1038103
101,11.51483,89.48517
12,14.20278,2.202777
12,10.56396,1.436045
0,10.83271,10.83271
53,16.80839,36.19161
76,10.54521,65.4548
12,13.48083,1.48083
12,12.21695,0.2169485
56,11.06853,44.93147
12,21.43607,9.436071
68,14.3081,53.6919
12,10.01071,1.989285
0,16.88212,16.88212
71,15.1321,55.8679
12,9.581498,2.418502
13,9.112838,3.887162
13,16.17652,3.176516
13,10.4963,2.503697
13,11.55337,1.446634
12,9.891921,2.108079
14,9.657967,4.342033
13,9.256294,3.743706
12,16.97439,4.97439
12,9.665613,2.334387
13,9.876184,3.123816
12,21.53688,9.536877
12,9.343162,2.656838
68,13.86555,54.13445
0,9.763608,9.763608
13,11.1531,1.846905
12,11.05578,0.9442167
13,12.27204,0.7279625
12,12.1985,0.1985006
13,9.847215,3.152785
54,17.14477,36.85523
12,10.58415,1.415848
13,14.7189,1.718899
57,11.27573,45.72427
13,9.297088,3.702912
13,12.39641,0.6035929
12,18.9208,6.920805
0,9.116375,9.116375
12,9.74385,2.25615
0,12.95359,12.95359
14,9.942077,4.057923
13,10.04801,2.951989
13,10.13697,2.863034
12,13.76332,1.76332
12,10.42156,1.578444
12,12.08351,0.08351421
13,9.529951,3.470049
13,16.35088,3.350882
12,9.526391,2.473609
12,16.13388,4.133883
12,9.09608,2.90392
12,9.274796,2.725204
12,17.1779,5.177896
12,10.36707,1.632926
14,10.7518,3.248199
12,10.57662,1.423385
13,9.716718,3.283282
12,9.389066,2.610934
12,9.454788,2.545212
12,25.53076,13.53076
0,13.39686,13.39686
0,16.31779,16.31779
12,10.87263,1.127366
0,9.432415,9.432415
58,14.53132,43.46868
13,9.424163,3.575837
13,13.8289,0.8289032
12,10.34162,1.65838
93,9.804511,83.19549
12,13.99436,1.994357
12,14.97137,2.971372
12,9.264158,2.735842
12,18.55652,6.55652
59,9.723723,49.27628
57,22.46467,34.53533
12,10.19835,1.80165
69,28.51035,40.48965
12,9.941755,2.058245
53,28.87418,24.12582
12,14.66961,2.669606
12,9.372579,2.627421
12,15.57979,3.579793
58,19.705,38.295
12,10.02393,1.976066
82,9.67442,72.32558
12,10.06269,1.937305
13,9.712361,3.287639
12,13.40359,1.403588
12,9.929814,2.070186
13,14.16744,1.167444
12,12.74958,0.7495842
12,9.756237,2.243763
12,9.113841,2.886159
57,20.24241,36.75759
12,24.76629,12.76629
12,9.821248,2.178752
12,11.67454,0.3254633
12,10.06762,1.932382
13,11.21488,1.785116
12,9.037875,2.962125
14,11.80965,2.190349
12,35.86561,23.86561
12,9.708918,2.291082
12,11.97032,0.02968121
12,13.20615,1.206151
13,14.87845,1.878451
12,15.18422,3.184216
12,15.58344,3.583437
12,9.504042,2.495958
0,8.970622,8.970622
12,11.3517,0.648304
13,10.47557,2.524431
59,10.254,48.746
12,20.17875,8.178753
12,10.94567,1.054328
0,10.38476,10.38476
12,13.49946,1.499463
12,9.342719,2.657281
12,13.13163,1.131634
12,13.53316,1.533158
13,10.12377,2.876229
0,22.81526,22.81526
56,25.26741,30.73259
12,9.318419,2.681581
63,20.64598,42.35402
12,15.0959,3.095904
81,10.77856,70.22144
12,14.33803,2.338026
13,9.236012,3.763988
13,10.58505,2.414948
12,13.87718,1.877179
57,16.00521,40.99479
0,17.25862,17.25862
68,12.50913,55.49087
13,16.89963,3.89963
12,12.48972,0.4897223
12,9.257773,2.742227
13,10.71799,2.282006
13,19.01106,6.011065
12,10.1239,1.876096
0,18.77909,18.77909
12,17.80774,5.807745
13,16.88419,3.884186
13,14.82227,1.822272
12,16.76656,4.766562
76,11.92676,64.07323
13,11.23133,1.768666
12,13.31596,1.315961
0,9.770065,9.770065
13,9.280856,3.719144
12,22.63859,10.63859
12,9.72401,2.27599
12,12.8446,0.8446026
12,12.91254,0.9125433
13,9.593206,3.406794
0,9.302308,9.302308
58,11.13642,46.86358
13,10.91016,2.089838
0,9.380221,9.380221
79,20.68052,58.31948
86,21.43458,64.56541
13,9.620629,3.379371
12,9.32156,2.67844
12,16.50229,4.502295
12,9.603217,2.396783
72,10.30306,61.69694
12,12.01429,0.01428699
58,16.6755,41.3245
12,13.82498,1.824985
0,15.86053,15.86053
58,8.917256,49.08274
12,11.21386,0.7861357
13,9.999887,3.000113
71,16.18782,54.81218
12,10.54117,1.458833
12,15.47945,3.479445
12,15.0358,3.0358
12,10.1923,1.8077
12,15.88188,3.881877
12,9.314763,2.685237
12,9.691735,2.308265
12,16.55643,4.556433
12,14.13208,2.132075
13,10.49026,2.509742
0,19.79199,19.79199
12,12.37498,0.3749838
12,9.842305,2.157695
12,9.233041,2.766959
13,12.25031,0.7496862
74,9.758718,64.24128
0,12.78914,12.78914
12,15.08767,3.087672
13,9.812629,3.187371
12,10.63873,1.36127
12,12.87305,0.8730526
71,12.34751,58.65249
53,16.98418,36.01582
12,12.226,0.225997
0,13.89122,13.89122
59,10.35556,48.64444
14,10.07535,3.924645
12,9.983822,2.016178
0,11.33616,11.33616
14,10.24898,3.751024
12,9.705928,2.294072
12,9.287893,2.712107
13,10.86863,2.131373
13,9.066066,3.933934
13,9.904768,3.095232
12,9.324341,2.675659
72,31.35458,40.64542
12,20.18635,8.186352
0,9.633492,9.633492
12,9.625457,2.374543
12,10.28297,1.717026
0,9.540816,9.540816
12,14.51665,2.516651
12,10.05904,1.940965
12,11.18427,0.815732
12,11.52903,0.4709682
57,12.91621,44.08379
12,9.615562,2.384438
12,10.81464,1.185359
13,9.723768,3.276232
0,16.80953,16.80953
12,13.60217,1.602168
69,14.74016,54.25983
13,16.64192,3.641916
12,15.24252,3.242524
13,9.695485,3.304515
12,17.51578,5.515779
56,13.5609,42.43909
12,10.29258,1.707424
12,9.384007,2.615993
12,10.58247,1.417535
12,15.34301,3.343006
53,17.62148,35.37852
56,10.68191,45.31809
13,9.684555,3.315445
71,12.34751,58.65249
13,11.03346,1.966542
0,8.999804,8.999804
12,13.56901,1.569015
12,9.807431,2.192569
12,10.86464,1.13536
0,10.13162,10.13162
12,12.92056,0.920557
13,9.478474,3.521526
12,9.669372,2.330628
0,8.640713,8.640713
12,14.70939,2.70939
0,12.18628,12.18628
12,22.55365,10.55365
0,10.19432,10.19432
47,10.32138,36.67862
13,10.0789,2.921102
13,13.87802,0.8780222
13,12.55139,0.4486132
13,20.85375,7.853752
12,10.00504,1.994956
13,10.08459,2.915408
0,9.450159,9.450159
0,9.309709,9.309709
12,18.26646,6.266459
14,12.51655,1.483447
12,8.926236,3.073764
12,9.842799,2.157201
12,13.77758,1.777576
12,9.400506,2.599494
14,9.915013,4.084987
13,9.298299,3.701701
12,9.657485,2.342515
12,11.87643,0.1235685
54,12.57891,41.42109
58,15.63006,42.36995
13,9.509808,3.490192
14,10.37988,3.620115
13,18.85663,5.85663
13,10.35984,2.640162
12,15.87498,3.874978
12,9.592882,2.407118
0,12.68097,12.68097
13,9.926789,3.073211
83,16.07014,66.92986
12,10.25238,1.747617
12,9.456517,2.543483
12,11.97032,0.02968121
0,9.005837,9.005837
61,55.80666,5.193336
12,9.069057,2.930943
12,14.88355,2.883546
12,12.01849,0.01849461
12,16.01957,4.019567
13,9.36232,3.63768
12,14.84908,2.849076
13,28.43584,15.43584
12,9.746976,2.253024
12,9.79621,2.20379
94,15.16004,78.83997
13,10.42465,2.575354
13,9.652629,3.347371
12,9.483702,2.516298
13,9.481792,3.518208
12,9.45374,2.54626
12,11.97032,0.02968121
12,17.3805,5.380499
12,9.935132,2.064868
12,9.406281,2.593719
12,10.68242,1.317579
12,9.533444,2.466556
12,9.364297,2.635703
12,10.38068,1.619316
71,12.34751,58.65249
13,10.4002,2.5998
46,10.28684,35.71317
12,12.39003,0.3900328
54,13.48885,40.51115
12,10.27343,1.726573
13,9.22486,3.77514
12,28.60752,16.60752
12,14.88807,2.888073
12,22.68906,10.68906
12,11.72806,0.2719374
0,9.894939,9.894939
13,10.22862,2.771378
12,21.65067,9.650667
13,10.20836,2.791639
0,9.082168,9.082168
12,16.05481,4.054813
0,15.75425,15.75425
12,9.219255,2.780745
0,11.82795,11.82795
13,9.644523,3.355477
61,12.71862,48.28138
12,10.60834,1.391661
0,10.32427,10.32427
12,9.141502,2.858498
12,11.18409,0.8159113
13,10.41564,2.584365
87,9.859298,77.1407
13,9.987453,3.012547
54,19.49944,34.50056
72,15.03834,56.96166
13,10.37672,2.623284
13,9.321111,3.678889
13,9.741144,3.258856
78,16.44318,61.55682
82,9.906188,72.09381
0,14.17296,14.17296
13,9.692838,3.307162
12,10.29632,1.703683
12,9.322532,2.677468
12,27.98023,15.98023
12,19.57628,7.576284
12,9.5151,2.4849
0,10.39577,10.39577
0,9.412711,9.412711
14,29.54618,15.54618
12,9.155465,2.844535
12,9.160572,2.839428
56,10.17169,45.82831
12,9.834781,2.165219
12,9.948443,2.051557
56,24.46386,31.53614
71,18.23998,52.76002
0,9.540541,9.540541
12,9.117131,2.882869
12,24.24975,12.24975
64,16.59993,47.40007
13,41.32142,28.32142
12,10.08326,1.916739
58,19.15597,38.84403
12,9.955055,2.044945
12,20.78327,8.78327
13,9.768193,3.231807
12,10.55656,1.443441
12,10.40821,1.591785
12,14.02369,2.023687
0,16.47012,16.47012
12,15.66327,3.663268
13,12.83812,0.1618814
12,15.41467,3.414674
13,9.552954,3.447046
12,10.11162,1.888383
0,12.71555,12.71555
12,9.60907,2.39093
13,12.86206,0.1379442
12,10.18483,1.815173
12,10.75286,1.247136
12,10.86891,1.131086
12,10.60199,1.398008
12,22.30735,10.30735
12,9.453265,2.546735
12,16.2825,4.282499
12,10.05741,1.942592
71,12.34751,58.65249
0,9.597259,9.597259
86,21.59082,64.40918
12,9.675832,2.324168
0,12.05474,12.05474
12,9.607907,2.392093
13,9.524764,3.475236
12,15.79276,3.792762
13,10.30448,2.695519
13,18.49238,5.49238
12,19.48509,7.485086
0,14.85188,14.85188
81,23.16879,57.83121
12,15.28329,3.283294
0,8.94155,8.94155
12,10.44261,1.557387
12,15.9734,3.973399
13,14.82215,1.82215
13,10.72159,2.278407
12,10.87384,1.126164
13,12.8932,0.1067963
12,9.584241,2.415759
12,9.802995,2.197005
12,10.55641,1.443587
56,27.99654,28.00346
87,14.02263,72.97736
0,10.13992,10.13992
87,16.16648,70.83353
13,9.354814,3.645186
13,10.59507,2.404925
12,10.64796,1.352036
12,9.799932,2.200068
56,22.94158,33.05842
12,11.61843,0.381566
12,12.17135,0.1713514
12,24.80049,12.80049
13,9.116843,3.883157
13,9.514234,3.485766
12,10.6403,1.3597
13,16.21234,3.212336
13,13.76297,0.7629738
12,10.07155,1.928446
76,9.786086,66.21391
13,10.50317,2.496833
12,9.380197,2.619803
12,13.05608,1.056077
13,12.25938,0.7406216
12,10.47145,1.528549
12,13.92853,1.928535
83,9.945042,73.05496
0,21.62966,21.62966
12,9.453979,2.546021
12,9.601805,2.398195
13,9.463202,3.536798
13,9.536542,3.463458
13,9.41759,3.58241
12,14.77242,2.772417
12,9.502831,2.497169
12,13.88233,1.882333
12,10.86573,1.134267
13,11.91602,1.083976
0,12.68173,12.68173
12,12.87975,0.8797522
114,16.33296,97.66704
13,10.28728,2.712721
0,13.76838,13.76838
12,13.62945,1.629449
57,14.9182,42.08179
0,25.67492,25.67492
0,11.41015,11.41015
52,19.57045,32.42955
12,29.4292,17.4292
12,15.26595,3.265947
12,15.82387,3.823869
13,10.47576,2.52424
71,12.34751,58.65249
12,12.43854,0.4385357
12,9.417596,2.582404
12,13.729,1.728999
0,9.453362,9.453362
13,10.16535,2.834651
93,11.16307,81.83694
13,13.99744,0.9974413
12,9.441913,2.558087
12,14.25336,2.25336
12,13.973,1.973002
12,9.546529,2.453471
79,17.75604,61.24396
0,13.4847,13.4847
14,13.43933,0.5606747
13,14.81183,1.811826
13,13.23097,0.2309704
0,9.88472,9.88472
12,20.07532,8.075319
12,9.467373,2.532627
12,10.67813,1.321872
0,13.66585,13.66585
12,13.39717,1.397172
0,20.07165,20.07165
13,32.56868,19.56868
12,10.41872,1.581283
0,13.99106,13.99106
0,9.258107,9.258107
12,15.31903,3.319032
12,10.34113,1.658868
54,10.04471,43.95529
13,14.53505,1.53505
13,10.65796,2.342036
12,17.06057,5.06057
83,12.9817,70.0183
56,13.71614,42.28386
12,23.35236,11.35236
78,9.679912,68.32009
0,9.290229,9.290229
12,10.85137,1.14863
0,9.578381,9.578381
12,14.14242,2.142421
12,9.950994,2.049006
12,15.51156,3.511563
13,17.21844,4.218441
12,10.20267,1.797328
12,9.40193,2.59807
12,9.249974,2.750026
56,10.29843,45.70157
13,10.01685,2.983151
56,10.42419,45.57581
12,9.755866,2.244134
12,14.40945,2.409446
13,9.634181,3.365819
12,15.45081,3.450814
12,9.148536,2.851464
12,10.56357,1.436432
12,9.648764,2.351236
12,9.554574,2.445426
0,21.76979,21.76979
12,22.00321,10.00321
0,19.40146,19.40146
76,9.985142,66.01486
0,10.32683,10.32683
0,18.91825,18.91825
12,10.48353,1.516471
58,11.04167,46.95833
13,9.633079,3.366921
12,10.02838,1.971619
12,10.9028,1.097199
12,17.84167,5.841667
12,10.35846,1.641542
12,10.09197,1.908034
12,9.213079,2.786921
0,9.238494,9.238494
0,9.228831,9.228831
12,10.97901,1.020988
12,9.389139,2.610861
12,9.948124,2.051876
87,14.02263,72.97736
12,14.2989,2.298903
12,9.77916,2.22084
12,10.60038,1.399617
13,9.703521,3.296479
0,11.70339,11.70339
12,15.58398,3.583982
12,9.668233,2.331767
13,10.04559,2.95441
12,10.77113,1.228874
87,14.02263,72.97736
0,9.649793,9.649793
12,9.17629,2.82371
12,19.49215,7.492147
13,10.47872,2.521278
13,11.18976,1.810244
12,21.77498,9.774981
13,11.90652,1.093477
12,9.540188,2.459812
12,9.896395,2.103605
12,9.13388,2.86612
12,10.0574,1.942603
13,9.071824,3.928176
12,9.890843,2.109157
14,10.33032,3.669679
12,14.08996,2.089955
61,55.80666,5.193336
12,9.278023,2.721977
0,10.2552,10.2552
0,11.40658,11.40658
12,10.4832,1.516801
12,9.865499,2.134501
61,55.80666,5.193336
12,10.20919,1.790814
12,9.395285,2.604715
43,9.501687,33.49831
56,15.75597,40.24403
12,11.4557,0.5443039
56,14.39124,41.60876
0,10.10595,10.10595
12,18.65979,6.65979
59,13.03992,45.96008
0,10.41584,10.41584
0,9.419448,9.419448
12,16.141,4.141001
53,19.22273,33.77727
13,20.90585,7.905848
0,13.37241,13.37241
13,9.554107,3.445893
12,9.932706,2.067294
12,19.63322,7.633217
12,10.38161,1.618394
13,9.687791,3.312209
12,13.58239,1.582387
12,19.08711,7.087109
12,14.17072,2.17072
12,19.72199,7.721987
12,17.92285,5.922853
12,15.10886,3.108865
12,21.61644,9.616442
0,9.060878,9.060878
12,9.400435,2.599565
0,9.206313,9.206313
56,16.26064,39.73936
12,11.64949,0.3505106
12,10.1087,1.891304
13,11.69939,1.300611
12,9.846108,2.153892
12,21.2628,9.2628
12,10.28505,1.714946
12,9.654581,2.345419
12,10.38583,1.614165
0,10.02226,10.02226
12,31.93416,19.93416
13,12.58788,0.4121199
12,18.67155,6.671549
12,9.790126,2.209874
12,10.89819,1.101806
13,18.84496,5.844955
13,9.506717,3.493283
12,17.93985,5.93985
13,9.711767,3.288233
13,15.27944,2.279436
13,10.12852,2.871482
12,10.76822,1.231775
12,12.55828,0.5582752
12,15.35036,3.350355
12,13.59947,1.599473
0,20.58068,20.58068
53,22.34689,30.65311
54,18.56329,35.43671
12,27.23565,15.23565
12,13.5458,1.545796
12,9.499948,2.500052
12,9.87293,2.12707
12,10.30951,1.690488
62,10.07321,51.92679
74,22.38086,51.61914
0,9.103344,9.103344
45,14.38006,30.61994
54,10.40438,43.59562
12,28.82406,16.82406
12,9.546752,2.453248
13,13.95139,0.9513884
0,9.994375,9.994375
53,12.40659,40.59341
13,9.37924,3.62076
0,9.026334,9.026334
71,12.34751,58.65249
13,10.37978,2.620215
12,12.34598,0.3459806
12,18.24906,6.249056
14,10.172,3.828002
13,9.595227,3.404773
0,9.350743,9.350743
12,11.12332,0.8766832
13,9.559843,3.440157
12,14.75037,2.75037
12,17.97293,5.972933
12,9.633148,2.366852
12,24.41291,12.41291
13,9.866811,3.133189
13,17.02851,4.028505
12,8.992517,3.007483
12,11.07339,0.9266071
0,16.30531,16.30531
77,12.91375,64.08625
0,9.23739,9.23739
0,10.43888,10.43888
13,12.3636,0.6364012
12,11.11311,0.8868856
13,9.253857,3.746143
12,9.664221,2.335779
13,10.47903,2.520968
13,13.87796,0.8779583
12,12.94763,0.9476261
12,10.42658,1.573424
12,9.207126,2.792874
13,15.50407,2.504071
49,18.27326,30.72674
0,16.75098,16.75098
12,11.44054,0.5594635
13,9.645945,3.354055
12,13.11589,1.115892
13,9.823026,3.176974
72,16.08532,55.91468
12,10.12279,1.87721
87,14.02263,72.97736
14,14.78288,0.7828817
12,16.01675,4.016754
53,16.32714,36.67286
13,9.401179,3.598821
13,11.62599,1.374013
12,10.63933,1.360665
12,9.449659,2.550341
12,11.48797,0.5120316
12,26.71409,14.71409
0,22.22685,22.22685
12,15.20003,3.200031
13,9.405252,3.594748
12,9.391868,2.608132
12,10.02148,1.978517
13,10.14081,2.859185
12,11.28664,0.7133551
73,18.91018,54.08982
12,9.716899,2.283101
0,10.01104,10.01104
12,9.898107,2.101893
12,10.04591,1.954089
12,13.01713,1.017129
12,9.809207,2.190793
12,13.06675,1.066749
12,13.78815,1.788146
12,18.93902,6.93902
14,9.264882,4.735118
71,12.34751,58.65249
0,12.58614,12.58614
13,19.58114,6.581144
0,9.819146,9.819146
13,9.950471,3.049529
0,9.262537,9.262537
12,9.578875,2.421125
12,11.22173,0.7782736
12,19.405,7.404997
13,9.765606,3.234394
0,10.75549,10.75549
0,9.141177,9.141177
13,9.976644,3.023356
59,11.60683,47.39317
0,9.438274,9.438274
12,17.73694,5.736944
13,9.637092,3.362908
58,11.38245,46.61755
13,9.645921,3.354079
13,11.43322,1.566781
53,13.94813,39.05187
0,12.9516,12.9516
12,13.23341,1.233413
12,11.97032,0.02968121
12,20.91038,8.910376
13,9.378811,3.621189
12,14.17518,2.175176
77,10.6771,66.3229
69,10.79402,58.20598
13,13.27206,0.2720594
12,14.09165,2.091645
12,13.21383,1.21383
12,9.374266,2.625734
12,9.850501,2.149499
76,27.75417,48.24583
13,9.305522,3.694478
14,12.43634,1.56366
12,9.814026,2.185974
12,10.23089,1.769109
54,9.947568,44.05243
12,10.75341,1.246594
13,13.61953,0.6195259
0,9.34375,9.34375
12,16.74335,4.743353
12,12.24352,0.2435207
0,9.435142,9.435142
87,14.02263,72.97736
0,9.570915,9.570915
12,9.37029,2.62971
12,9.34604,2.65396
12,14.91455,2.914553
12,10.4988,1.501203
13,9.780231,3.219769
0,10.32945,10.32945
12,10.5404,1.459604
14,9.147206,4.852794
12,9.384414,2.615586
0,10.02924,10.02924
14,10.98466,3.015342
12,10.56997,1.430033
12,15.3273,3.327302
69,17.77936,51.22064
12,11.20798,0.7920218
14,9.843925,4.156075
0,10.0571,10.0571
57,12.36294,44.63706
13,13.24348,0.2434835
12,10.24146,1.758536
0,9.617787,9.617787
12,13.19525,1.195247
13,9.183118,3.816882
13,11.57383,1.426171
12,12.38162,0.3816214
12,14.41888,2.418876
74,17.48932,56.51068
12,9.72017,2.27983
12,22.75665,10.75665
59,10.54907,48.45093
12,24.11351,12.11351
0,9.248345,9.248345
12,9.636477,2.363523
14,9.698991,4.301009
13,10.26223,2.737765
13,9.013573,3.986427
57,20.88767,36.11233
13,18.48614,5.486143
12,15.80179,3.801787
13,10.16893,2.831073
12,14.10312,2.103124
13,9.193077,3.806923
56,12.24847,43.75153
0,21.08718,21.08718
13,10.45987,2.540132
58,20.13401,37.86599
13,12.13714,0.8628588
14,10.12012,3.879884
13,10.16729,2.83271
0,14.28357,14.28357
76,18.91076,57.08924
87,14.02263,72.97736
57,10.24808,46.75192
13,12.35023,0.6497736
43,9.814206,33.18579
13,12.73046,0.2695417
13,10.06905,2.930953
12,19.79316,7.793158
12,9.786292,2.213708
12,11.3511,0.6489048
0,12.33202,12.33202
12,9.723526,2.276474
12,19.3716,7.371603
12,13.14475,1.144749
12,16.58405,4.584047
12,10.95907,1.040925
12,11.86065,0.139349
12,10.83811,1.161893
13,9.372481,3.627519
12,11.55528,0.4447241
83,11.44138,71.55862
0,9.254207,9.254207
54,16.87821,37.1218
12,9.661489,2.338511
0,11.96607,11.96607
12,16.29333,4.293325
13,9.512462,3.487538
12,9.615755,2.384245
13,9.515222,3.484778
12,19.86463,7.864634
56,13.67033,42.32967
12,10.99724,1.002755
12,12.14894,0.1489439
0,9.822913,9.822913
13,9.317563,3.682437
12,12.00999,0.009990692
12,14.11527,2.11527
54,10.30766,43.69234
12,15.83328,3.83328
12,10.85713,1.142865
13,14.09094,1.090941
12,15.10444,3.104436
12,9.297874,2.702126
12,9.519364,2.480636
12,9.841048,2.158952
0,9.776612,9.776612
12,14.73199,2.731991
12,10.20688,1.793124
12,12.38853,0.3885326
12,9.815241,2.184759
13,10.53575,2.464252
12,21.56926,9.569258
13,19.52525,6.525251
12,10.2928,1.707198
14,12.41878,1.581222
12,9.289126,2.710874
12,12.15954,0.1595392
57,12.91621,44.08379
12,9.179719,2.820281
0,12.0877,12.0877
12,19.93288,7.93288
12,12.04027,0.04027176
13,9.630898,3.369102
12,10.01939,1.980615
0,9.749236,9.749236
0,22.51379,22.51379
13,11.27108,1.728923
0,10.67875,10.67875
67,17.99728,49.00272
0,13.12033,13.12033
13,9.479522,3.520478
72,15.80682,56.19318
13,12.57973,0.4202681
12,10.24621,1.753787
12,21.3192,9.319197
12,14.09587,2.09587
12,9.423394,2.576606
0,12.21886,12.21886
12,10.18709,1.812909
0,17.99294,17.99294
12,20.94697,8.946974
13,10.18939,2.810615
13,10.23371,2.76629
12,9.890697,2.109303
13,14.38249,1.382491
13,10.11331,2.886693
12,20.93805,8.938046
12,12.44249,0.4424906
12,10.06105,1.938954
12,21.85219,9.852194
12,9.661029,2.338971
12,10.12403,1.875974
13,9.323888,3.676112
0,9.577403,9.577403
59,10.12687,48.87313
13,9.917121,3.082879
13,9.42278,3.57722
12,15.90697,3.906965
12,9.91729,2.08271
13,11.46134,1.538655
0,10.82684,10.82684
13,21.73061,8.730612
12,18.47641,6.476412
12,19.8606,7.860598
58,11.04167,46.95833
0,10.31426,10.31426
13,21.58191,8.581911
13,9.240533,3.759467
71,15.71232,55.28768
12,9.606999,2.393001
14,9.841723,4.158277
0,9.619836,9.619836
12,9.770197,2.229803
12,21.45852,9.458519
54,11.68106,42.31894
12,9.804183,2.195817
12,10.00603,1.993966
56,20.25099,35.74902
12,10.00603,1.993967
13,24.64729,11.64729
12,15.43001,3.430013
12,9.096284,2.903716
12,10.56772,1.432284
68,9.650317,58.34968
12,10.96432,1.035683
13,14.1033,1.103303
12,9.489175,2.510825
12,15.39043,3.390431
13,10.71852,2.281476
0,9.302358,9.302358
12,9.799706,2.200294
0,9.016272,9.016272
0,9.547793,9.547793
12,9.742197,2.257803
0,9.576142,9.576142
12,9.542559,2.457441
12,9.051078,2.948922
12,13.84147,1.841473
58,10.20643,47.79357
13,9.727017,3.272983
13,10.04207,2.957932
12,31.5111,19.5111
12,10.82791,1.172086
12,10.311,1.688996
12,11.64939,0.3506098
12,9.463207,2.536793
12,12.92189,0.9218931
12,10.42807,1.571928
58,22.63767,35.36233
12,9.803746,2.196254
0,19.19871,19.19871
77,9.914599,67.0854
77,17.53563,59.46437
13,10.0498,2.950204
93,15.99535,77.00465
12,11.32344,0.6765623
12,14.32258,2.322579
57,12.91621,44.08379
12,10.81919,1.180808
77,10.65491,66.34509
106,11.06878,94.93122
0,10.16144,10.16144
12,10.79954,1.20046
0,14.74037,14.74037
0,28.09536,28.09536
12,9.199183,2.800817
12,9.364786,2.635214
54,16.29248,37.70752
12,9.862124,2.137876
0,9.384127,9.384127
0,9.468351,9.468351
12,22.83065,10.83065
12,10.70655,1.293451
12,9.855369,2.144631
56,11.70407,44.29593
59,15.99119,43.00881
12,9.928874,2.071126
110,10.0336,99.9664
12,9.090049,2.909951
12,9.269395,2.730605
12,10.32824,1.671762
12,12.41258,0.4125767
0,9.259976,9.259976
13,12.31219,0.6878147
12,9.433389,2.566611
12,9.606009,2.393991
13,10.78361,2.216387
99,16.38479,82.61521
12,15.5361,3.536103
12,14.70811,2.708112
13,13.07592,0.07592201
0,9.376689,9.376689
13,11.00205,1.997949
87,12.91203,74.08797
13,10.27026,2.729745
0,9.286352,9.286352
0,9.483956,9.483956
74,15.1946,58.8054
0,33.62039,33.62039
12,11.47503,0.5249739
13,19.27418,6.274183
12,9.935218,2.064782
12,9.251257,2.748743
12,13.97569,1.975688
12,13.64652,1.646524
12,13.60831,1.608306
101,11.99367,89.00632
13,15.02807,2.028069
12,10.71591,1.284087
12,20.48011,8.480112
0,9.463847,9.463847
14,17.01254,3.012541
12,10.73595,1.26405
56,23.65608,32.34392
54,29.6113,24.3887
13,9.67422,3.32578
0,9.579758,9.579758
0,10.8091,10.8091
0,9.32253,9.32253
0,9.38712,9.38712
13,8.992062,4.007938
0,9.540509,9.540509
12,10.30342,1.696578
12,13.51162,1.511619
12,14.88167,2.881666
13,12.60361,0.3963928
12,10.59105,1.408952
69,18.57275,50.42725
0,9.139783,9.139783
0,9.137376,9.137376
0,10.03511,10.03511
12,9.594775,2.405225
0,20.38026,20.38026
83,15.07971,67.92029
12,11.18017,0.819829
12,16.08546,4.085464
13,15.64849,2.648488
12,9.154658,2.845342
0,22.81526,22.81526
13,22.84127,9.841269
53,14.08646,38.91354
13,10.23335,2.766648
13,10.36682,2.633178
12,10.69718,1.302817
12,14.17868,2.178683
12,9.398997,2.601003
13,13.5185,0.5185041
13,9.592461,3.407539
12,16.37962,4.379622
12,15.53648,3.536478
12,11.4282,0.5718021
12,9.17629,2.82371
13,16.17446,3.174456
0,17.79238,17.79238
12,10.80828,1.191716
12,12.62745,0.6274529
0,9.413165,9.413165
12,10.59212,1.40788
12,23.37499,11.37499
0,9.321709,9.321709
13,21.11097,8.11097
12,26.04321,14.04321
0,12.13637,12.13637
59,10.42702,48.57298
13,11.76048,1.23952
13,17.2717,4.271696
13,10.56125,2.438752
12,13.52936,1.529356
12,10.49758,1.502419
56,12.04427,43.95573
12,10.35716,1.642839
12,9.884048,2.115952
12,12.23438,0.2343826
12,10.59186,1.40814
13,9.448503,3.551497
12,16.3273,4.327301
14,10.19658,3.803418
12,17.78251,5.782513
12,14.29385,2.293847
12,9.644284,2.355716
12,10.6115,1.388505
0,9.311209,9.311209
57,12.91621,44.08379
12,13.833,1.832999
0,14.04289,14.04289
13,9.935493,3.064507
12,23.38095,11.38095
12,9.627647,2.372353
12,9.986871,2.013129
58,25.53901,32.46099
71,21.52284,49.47716
0,10.03295,10.03295
13,12.08833,0.9116678
12,18.9278,6.927795
13,12.0511,0.948905
12,20.38906,8.389059
0,9.574873,9.574873
12,9.10592,2.89408
57,15.72061,41.27938
12,17.14804,5.148035
0,9.421485,9.421485
72,16.41162,55.58838
12,14.52137,2.521367
0,11.38358,11.38358
0,14.76395,14.76395
13,13.22356,0.2235594
59,9.614972,49.38503
12,10.557,1.443003
12,12.81296,0.8129606
13,25.4961,12.4961
12,17.34234,5.34234
83,18.37952,64.62048
57,11.14972,45.85028
13,9.409352,3.590648
12,10.37114,1.628863
76,9.920849,66.07915
0,9.435264,9.435264
12,12.81084,0.8108397
0,12.38365,12.38365
12,13.51828,1.518275
13,22.78536,9.785357
12,13.02297,1.022973
0,9.159183,9.159183
92,15.90478,76.09522
12,11.09265,0.9073534
12,11.97032,0.02968121
54,24.03554,29.96446
13,15.53789,2.537886
57,9.744476,47.25552
12,11.84368,0.1563206
12,9.96142,2.03858
0,11.76579,11.76579
12,12.12185,0.1218452
12,10.33678,1.66322
13,9.797379,3.202621
82,18.24236,63.75764
12,18.66152,6.661524
12,12.23386,0.2338619
12,11.03764,0.9623632
12,19.16841,7.168409
54,14.10134,39.89867
12,13.02969,1.029695
13,9.508114,3.491886
12,10.98468,1.015317
0,8.889194,8.889194
12,17.29909,5.299091
0,21.37991,21.37991
12,13.41491,1.414909
12,9.932097,2.067903
13,9.669435,3.330565
0,12.72785,12.72785
12,12.16848,0.1684752
0,10.71452,10.71452
13,15.45454,2.454536
12,15.3915,3.3915
13,9.567266,3.432734
12,27.30795,15.30795
12,13.13911,1.139112
12,15.64136,3.641364
13,9.466071,3.533929
12,12.76211,0.7621069
0,9.312037,9.312037
12,14.4838,2.483804
12,13.84647,1.846475
13,9.636309,3.363691
12,10.34723,1.65277
12,10.38862,1.611378
12,10.59194,1.408058
69,17.42804,51.57196
99,11.81676,87.18324
12,22.68659,10.68659
12,10.73609,1.263906
12,10.80158,1.198422
12,10.06745,1.932549
54,21.05931,32.94069
0,18.90704,18.90704
0,9.07834,9.07834
13,14.18077,1.180771
12,14.6681,2.668096
12,25.06566,13.06566
57,22.33011,34.66989
12,30.23464,18.23464
12,9.090782,2.909218
0,11.17214,11.17214
13,9.136405,3.863595
12,9.855907,2.144093
12,12.03962,0.03962421
12,16.17573,4.175728
0,9.450912,9.450912
12,10.43603,1.563972
12,9.894433,2.105567
58,11.76204,46.23796
13,13.74486,0.7448587
12,11.51304,0.4869566
12,9.770186,2.229814
12,9.782147,2.217853
47,11.64324,35.35676
12,11.546,0.4540024
12,16.23161,4.231611
12,11.97032,0.02968121
12,11.83939,0.1606131
12,12.21753,0.2175303
12,10.3503,1.649704
12,9.611265,2.388735
12,14.45303,2.453028
14,9.430903,4.569097
12,9.718873,2.281127
12,18.38834,6.388342
12,9.87202,2.12798
12,12.73703,0.7370348
0,10.3778,10.3778
12,17.90793,5.907932
13,18.50777,5.507772
12,20.64715,8.647154
58,11.13642,46.86358
0,20.94007,20.94007
0,8.99974,8.99974
58,9.842963,48.15704
13,14.20141,1.201413
12,16.17164,4.171642
47,22.92537,24.07463
12,11.13458,0.8654222
12,14.81855,2.818554
12,9.7371,2.2629
12,9.961227,2.038773
13,9.868605,3.131395
0,9.850435,9.850435
13,9.718752,3.281248
12,19.47748,7.477478
13,9.518023,3.481977
13,9.507535,3.492465
57,27.89219,29.10781
12,9.407952,2.592048
12,30.3646,18.3646
0,11.02557,11.02557
0,13.07661,13.07661
12,19.37742,7.377417
0,19.95268,19.95268
0,10.86002,10.86002
0,15.86633,15.86633
42,11.59321,30.40679
0,12.09341,12.09341
12,13.88056,1.880559
54,16.18361,37.81638
13,15.06882,2.068824
61,13.90251,47.09749
12,17.02662,5.026625
13,9.389545,3.610455
14,9.964667,4.035333
59,9.483081,49.51692
12,10.8954,1.104599
13,10.62874,2.371259
12,10.18135,1.818648
13,9.998444,3.001556
13,9.430732,3.569268
42,13.7105,28.2895
12,11.13022,0.8697767
0,11.75521,11.75521
12,9.293578,2.706422
57,28.37383,28.62617
0,13.35225,13.35225
12,18.10862,6.108616
13,9.484276,3.515724
13,11.8996,1.100397
12,32.85508,20.85508
116,17.00039,98.99961
58,17.47005,40.52995
13,9.678225,3.321775
13,9.753667,3.246333
12,15.68294,3.682938
54,15.65912,38.34088
12,10.01676,1.983245
87,14.02263,72.97736
12,9.660127,2.339873
13,9.633536,3.366464
12,10.05097,1.949029
12,10.13189,1.868106
13,9.031421,3.968579
54,10.17826,43.82174
12,9.864871,2.135129
12,9.670218,2.329782
0,9.194183,9.194183
12,13.67984,1.679845
57,21.24278,35.75722
12,9.635363,2.364637
87,14.02263,72.97736
12,9.638808,2.361192
13,14.19614,1.196136
12,9.524979,2.475021
0,11.91953,11.91953
0,12.79354,12.79354
0,21.01348,21.01348
0,12.89562,12.89562
13,23.81946,10.81946
12,9.349216,2.650784
108,10.16616,97.83384
13,9.666529,3.333471
12,9.351227,2.648773
81,13.32225,67.67775
0,9.444045,9.444045
0,9.226062,9.226062
0,9.30221,9.30221
13,9.836305,3.163695
71,12.34751,58.65249
12,10.50937,1.490634
0,9.5456,9.5456
12,13.34169,1.341689
77,13.86549,63.13451
12,9.97083,2.02917
59,13.89093,45.10907
13,13.32478,0.3247843
12,10.83473,1.165267
61,10.11523,50.88477
59,20.38379,38.61621
12,12.74353,0.7435312
14,20.94314,6.943142
0,20.33727,20.33727
0,16.27173,16.27173
12,29.07996,17.07996
13,9.952867,3.047133
12,12.03159,0.03159428
14,9.795718,4.204282
12,11.14953,0.8504686
0,13.96103,13.96103
64,9.651458,54.34854
12,12.25282,0.2528181
13,9.508119,3.491881
0,10.32819,10.32819
57,17.67807,39.32193
56,16.42793,39.57207
0,10.81253,10.81253
12,9.275681,2.724319
12,11.18964,0.8103647
83,21.25809,61.74191
12,9.609625,2.390375
68,16.72653,51.27347
12,9.368264,2.631736
12,25.41213,13.41213
13,10.34961,2.65039
13,9.151769,3.848231
13,10.6396,2.360396
105,10.18591,94.81409
14,10.21534,3.784664
13,9.143692,3.856308
0,10.00832,10.00832
57,13.05471,43.94529
12,13.65139,1.651386
0,13.75091,13.75091
12,13.87245,1.872445
12,11.97032,0.02968121
13,9.904075,3.095925
0,9.074077,9.074077
12,12.64558,0.6455832
12,9.061192,2.938808
12,14.86171,2.861713
12,17.09139,5.091391
12,9.462703,2.537297
71,13.30899,57.69101
12,11.64459,0.3554144
12,10.39294,1.607062
0,8.994832,8.994832
87,14.02263,72.97736
71,11.23064,59.76936
12,12.16191,0.1619072
13,13.92822,0.9282236
12,16.5011,4.501104
13,9.174795,3.825205
12,16.10532,4.105322
13,10.15329,2.846709
13,10.63525,2.364755
13,12.89575,0.1042471
83,9.970487,73.02951
12,20.5239,8.523897
0,9.346599,9.346599
12,9.14815,2.85185
0,21.24251,21.24251
14,10.3577,3.642304
12,9.568095,2.431905
12,9.827566,2.172434
12,9.463298,2.536702
13,13.71906,0.7190561
57,19.2025,37.7975
0,29.08595,29.08595
12,11.70203,0.2979746
13,10.50899,2.491014
74,15.57106,58.42894
12,12.39676,0.3967562
58,10.44102,47.55898
13,9.443887,3.556113
0,10.53745,10.53745
13,19.07371,6.073708
57,12.84792,44.15208
12,12.54337,0.5433731
12,9.294618,2.705382
14,9.289902,4.710098
12,9.384099,2.615901
12,9.161584,2.838416
12,10.0994,1.900603
54,20.22841,33.77159
0,16.78558,16.78558
13,11.43509,1.564906
14,10.89657,3.103426
12,14.80496,2.804961
0,10.68978,10.68978
54,18.70202,35.29798
12,9.73976,2.26024
13,10.40593,2.594074
13,15.09773,2.097727
12,9.914542,2.085458
13,9.529457,3.470543
0,9.600587,9.600587
0,15.18148,15.18148
0,9.984793,9.984793
13,9.667916,3.332084
57,12.91621,44.08379
13,14.75696,1.756959
58,9.534983,48.46502
12,9.501172,2.498828
12,12.02064,0.02064228
12,14.30889,2.308891
57,10.11318,46.88682
13,9.777591,3.222409
47,19.49078,27.50922
13,9.56601,3.43399
0,9.049806,9.049806
12,13.00038,1.000381
12,9.354793,2.645207
12,15.78236,3.782359
94,10.75021,83.24979
0,9.276389,9.276389
12,10.06619,1.93381
13,9.520597,3.479403
0,9.411555,9.411555
12,9.231921,2.768079
13,10.5862,2.4138
0,22.81526,22.81526
12,9.425097,2.574903
0,9.7971,9.7971
57,21.08585,35.91415
12,9.552464,2.447536
68,11.18931,56.81068
12,11.37879,0.6212063
13,15.11967,2.119668
12,11.63351,0.3664923
12,9.461651,2.538349
12,10.23546,1.764541
12,9.466505,2.533495
79,15.75448,63.24551
12,9.379073,2.620927
57,12.21477,44.78523
12,18.59435,6.594345
71,15.12737,55.87263
12,10.28753,1.712466
12,14.5527,2.552704
12,23.35605,11.35605
12,10.40837,1.591628
12,11.8157,0.1843042
12,11.42344,0.5765591
12,15.77412,3.774123
12,27.47715,15.47715
12,12.58134,0.5813379
12,11.03032,0.969677
13,19.02565,6.02565
14,14.73207,0.73207
0,9.46575,9.46575
12,15.92385,3.923853
13,18.50558,5.505577
12,9.306033,2.693967
12,20.56804,8.568043
71,12.34751,58.65249
81,15.81578,65.18422
12,10.67602,1.323983
12,11.55945,0.4405489
12,9.472728,2.527272
12,10.8897,1.110305
12,11.93585,0.06415272
0,9.946868,9.946868
13,13.0706,0.07060146
13,17.42564,4.425638
12,9.391099,2.608901
13,14.19384,1.193845
0,10.40843,10.40843
13,10.94763,2.052375
57,12.94185,44.05815
59,11.42402,47.57598
12,10.09841,1.901587
0,16.66586,16.66586
0,9.21037,9.21037
0,9.18219,9.18219
13,16.98411,3.984106
12,10.70578,1.294217
45,15.73015,29.26985
12,14.95319,2.953191
14,9.838229,4.161771
12,13.79945,1.799449
12,10.02424,1.975757
14,13.91147,0.0885334
13,20.76352,7.763515
12,9.230984,2.769016
12,11.73438,0.2656212
13,9.23211,3.76789
13,9.6232,3.3768
42,10.91744,31.08256
12,9.157434,2.842566
12,16.7889,4.788897
13,22.34928,9.349277
0,9.944143,9.944143
0,9.21801,9.21801
12,26.96807,14.96807
13,11.47118,1.528819
82,10.83058,71.16942
12,9.076358,2.923642
54,22.93221,31.06779
53,25.75376,27.24624
71,24.35397,46.64603
0,13.98376,13.98376
14,10.79854,3.20146
13,9.373566,3.626434
0,19.09954,19.09954
0,9.72659,9.72659
71,23.24976,47.75024
12,11.31237,0.6876326
12,23.70204,11.70204
0,9.482558,9.482558
0,22.81526,22.81526
0,10.80671,10.80671
12,27.31105,15.31105
6,28.03388,22.03388
54,11.14633,42.85367
42,13.36187,28.63813
12,9.008882,2.991118
12,9.702658,2.297342
13,10.09867,2.90133
0,17.26454,17.26454
13,10.58875,2.411248
72,15.10146,56.89854
12,9.090682,2.909318
12,9.493348,2.506652
12,13.08675,1.086745
13,10.7213,2.278697
12,18.28708,6.287077
12,9.452462,2.547538
13,10.45018,2.549821
12,15.08395,3.083945
13,22.50153,9.50153
12,9.489785,2.510215
12,9.867026,2.132974
13,9.434117,3.565883
0,10.55533,10.55533
87,14.02263,72.97736
13,9.863624,3.136376
13,18.68003,5.680033
12,10.23406,1.765941
0,9.520364,9.520364
0,18.71232,18.71232
12,12.27883,0.2788305
13,9.679644,3.320356
12,9.049821,2.950179
12,16.42195,4.421946
58,20.36237,37.63763
54,20.35533,33.64468
12,11.91887,0.08112621
0,11.65077,11.65077
12,9.62981,2.37019
12,9.598889,2.401111
13,9.874623,3.125377
12,17.17273,5.172731
12,9.871205,2.128795
12,13.58409,1.584085
12,9.675778,2.324222
12,15.48791,3.48791
12,9.928843,2.071157
57,10.26098,46.73902
0,19.85478,19.85478
13,13.44263,0.4426298
12,18.44371,6.443712
87,10.38989,76.61012
13,11.85071,1.149289
12,15.87006,3.870064
12,9.794152,2.205848
14,9.624141,4.375859
61,55.80666,5.193336
57,15.00733,41.99267
14,12.60413,1.395875
57,15.39454,41.60546
12,14.59708,2.597081
13,10.41687,2.583131
12,10.35981,1.640188
13,9.335727,3.664273
12,24.77449,12.77449
12,9.405495,2.594505
0,9.69481,9.69481
12,10.40411,1.59589
12,9.800691,2.199309
0,15.40489,15.40489
12,28.40295,16.40295
12,11.19668,0.8033247
12,21.87334,9.873339
13,10.60484,2.395164
12,9.787669,2.212331
12,15.45556,3.455562
0,9.846717,9.846717
0,9.918174,9.918174
13,10.54793,2.452067
0,10.216,10.216
12,11.88288,0.1171198
12,20.39208,8.392084
0,14.13385,14.13385
84,19.86779,64.1322
12,21.4028,9.4028
12,10.19892,1.801084
12,9.349854,2.650146
12,10.27944,1.720563
12,10.90005,1.099948
12,10.64268,1.357318
12,9.579415,2.420585
14,9.66686,4.33314
12,9.034958,2.965042
0,9.21053,9.21053
13,10.42149,2.578514
12,13.02894,1.028939
12,9.748234,2.251766
12,12.52396,0.5239592
12,13.75498,1.754985
12,9.895844,2.104156
13,9.302443,3.697557
12,11.04358,0.9564238
12,10.25191,1.748092
0,9.148271,9.148271
12,10.66767,1.33233
72,11.15909,60.84091
12,9.603498,2.396502
13,9.704336,3.295664
12,18.2294,6.229399
0,9.1005,9.1005
14,10.54978,3.450218
54,24.00438,29.99562
0,9.198565,9.198565
14,9.259167,4.740833
13,13.77281,0.7728052
61,14.12316,46.87684
12,12.36038,0.360383
12,9.640988,2.359012
12,9.40242,2.59758
56,19.23279,36.76721
13,17.56005,4.560045
14,17.34559,3.345594
13,14.75315,1.753154
49,14.81797,34.18203
0,9.628798,9.628798
13,22.67132,9.671324
12,11.12034,0.8796606
12,11.5512,0.4487982
12,14.3687,2.368695
0,11.11433,11.11433
12,11.75287,0.2471256
0,11.91141,11.91141
0,10.3681,10.3681
12,11.97032,0.02968121
13,13.89285,0.8928461
13,15.83791,2.837912
12,15.36629,3.366295
12,13.736,1.735995
57,17.26617,39.73383
13,9.634507,3.365493
13,9.138774,3.861226
56,14.66447,41.33553
13,15.37981,2.379813
53,18.35886,34.64114
12,14.31366,2.31366
12,10.23056,1.769442
12,10.68607,1.313934
12,11.94808,0.0519228
12,14.32627,2.326273
0,14.87708,14.87708
12,12.14916,0.1491594
62,13.01083,48.98917
12,20.22182,8.221823
12,14.49147,2.491466
0,9.363309,9.363309
0,9.386796,9.386796
13,9.959991,3.040009
12,13.16684,1.166839
13,9.108805,3.891195
62,18.57129,43.42871
0,13.87039,13.87039
12,19.21526,7.215256
12,9.121471,2.878529
0,9.21367,9.21367
12,11.47087,0.5291348
12,16.45221,4.452206
12,21.14494,9.144943
12,11.34879,0.6512079
12,11.04311,0.9568939
12,10.16362,1.836385
0,17.89508,17.89508
13,10.81321,2.186786
12,9.229781,2.770219
68,9.537927,58.46207
87,14.02263,72.97736
14,9.574279,4.425721
13,13.98883,0.9888315
12,19.678,7.678001
12,9.942327,2.057673
0,9.614451,9.614451
12,16.32193,4.321934
12,33.40091,21.40091
12,9.588727,2.411273
72,15.77114,56.22886
62,13.06882,48.93118
0,9.617352,9.617352
12,15.83929,3.839286
12,27.3414,15.3414
12,9.319661,2.680339
0,9.270305,9.270305
0,12.9138,12.9138
12,9.753407,2.246593
12,9.852811,2.147189
12,10.0243,1.975701
0,9.291038,9.291038
13,25.38655,12.38655
12,9.114873,2.885127
68,15.47206,52.52794
61,14.31766,46.68234
0,15.57181,15.57181
13,9.74768,3.25232
14,10.48687,3.513131
12,13.06465,1.064652
0,8.809633,8.809633
71,12.34751,58.65249
54,15.9582,38.0418
12,9.722846,2.277154
13,10.25563,2.744374
12,22.14408,10.14408
0,25.91747,25.91747
12,13.91988,1.919877
0,9.814678,9.814678
12,10.57992,1.420085
52,16.34568,35.65432
58,21.1093,36.8907
0,9.296561,9.296561
12,16.29343,4.293432
13,9.238218,3.761782
78,34.25616,43.74384
13,9.997083,3.002917
12,17.8101,5.810099
0,18.78613,18.78613
13,17.78989,4.78989
12,9.514554,2.485446
74,11.14521,62.85479
12,10.84489,1.155112
0,9.770922,9.770922
13,9.456464,3.543536
12,10.20467,1.79533
12,9.39338,2.60662
13,12.68421,0.3157911
12,9.698924,2.301076
13,9.911944,3.088056
12,9.883908,2.116092
13,16.62177,3.621771
97,12.01451,84.98549
12,19.29108,7.291077
12,9.954028,2.045972
13,21.22167,8.221674
12,14.56145,2.56145
12,15.96027,3.960274
54,10.46574,43.53426
12,9.085855,2.914145
13,15.15039,2.150392
73,11.60055,61.39944
47,9.701402,37.2986
56,14.99292,41.00708
13,11.19098,1.809018
13,12.81217,0.1878271
59,10.35917,48.64083
13,14.70493,1.704933
0,10.13199,10.13199
71,14.74012,56.25988
13,11.94658,1.053418
0,13.11832,13.11832
12,14.6723,2.672297
12,9.286066,2.713934
13,31.38458,18.38458
54,14.05231,39.94769
79,16.78207,62.21793
12,11.45,0.5500002
77,20.69364,56.30636
12,9.786215,2.213785
62,11.08666,50.91334
12,9.100586,2.899414
12,10.76087,1.239135
12,20.05343,8.053427
14,12.79632,1.20368
12,11.78879,0.2112055
12,15.05859,3.058593
13,17.50117,4.501171
13,10.28003,2.719974
14,11.87134,2.128663
12,12.56686,0.5668554
12,12.8837,0.8836956
12,13.09328,1.093278
73,17.88578,55.11422
14,9.971314,4.028686
14,10.24957,3.750434
12,10.73818,1.261817
76,9.680959,66.31904
12,9.610507,2.389493
13,10.14512,2.854877
12,16.20033,4.200327
0,11.91443,11.91443
12,9.56887,2.43113
12,8.959207,3.040793
71,12.34751,58.65249
13,11.27767,1.722328
12,9.241982,2.758018
12,13.11433,1.114328
13,17.55056,4.550562
0,9.840232,9.840232
12,22.37303,10.37303
12,15.57858,3.578575
13,10.19234,2.807656
12,10.14913,1.850866
13,15.36326,2.363262
0,9.275834,9.275834
12,14.0563,2.056302
12,11.97032,0.02968121
12,21.17804,9.178041
12,9.277274,2.722726
12,11.6941,0.3059034
0,9.37709,9.37709
45,10.46,34.54
12,9.68501,2.31499
13,10.67312,2.32688
62,16.35748,45.64252
0,9.918319,9.918319
56,20.99765,35.00235
12,10.90702,1.092984
0,14.67357,14.67357
12,11.7924,0.2076006
57,22.47385,34.52615
13,18.01419,5.014191
12,9.360242,2.639758
12,16.25521,4.255209
13,10.53362,2.466376
61,11.37853,49.62147
13,10.82572,2.174285
12,13.93853,1.938525
12,17.78061,5.780611
13,9.701493,3.298507
12,9.656882,2.343118
13,9.5843,3.4157
0,10.26733,10.26733
12,10.8618,1.138202
12,15.62142,3.621422
13,9.423915,3.576085
13,9.329667,3.670333
13,9.068043,3.931957
13,12.86275,0.1372519
12,11.47578,0.5242243
13,13.37344,0.373435
49,9.781236,39.21877
13,15.7654,2.765403
12,9.595333,2.404667
12,14.70722,2.707224
12,9.004411,2.995589
57,21.9669,35.0331
13,10.36298,2.637023
12,13.20691,1.206908
12,10.07908,1.920919
54,15.09966,38.90034
12,10.37616,1.62384
12,13.10186,1.101865
0,13.88835,13.88835
13,9.435756,3.564244
12,14.25495,2.254947
12,9.756852,2.243148
12,11.65316,0.346839
53,19.69862,33.30138
14,14.52002,0.5200224
0,9.200098,9.200098
12,20.76086,8.760862
13,11.25133,1.748673
12,15.46452,3.464522
69,15.69548,53.30452
12,9.955696,2.044304
58,13.09214,44.90786
13,10.05731,2.942691
71,13.20302,57.79697
12,9.605102,2.394898
12,14.25385,2.253855
0,15.67159,15.67159
63,14.82477,48.17522
12,11.29916,0.7008429
13,9.672988,3.327012
12,9.787911,2.212089
12,10.70361,1.296394
12,10.33108,1.668919
57,24.63453,32.36547
12,9.5616,2.4384
12,14.36362,2.363618
0,13.51942,13.51942
0,9.419529,9.419529
0,9.82712,9.82712
13,10.5015,2.498504
12,10.21789,1.782109
13,16.66126,3.661257
13,9.615821,3.384179
12,12.15036,0.1503649
13,14.86493,1.864926
87,14.02263,72.97736
12,9.842008,2.157992
12,9.658165,2.341835
12,17.28626,5.286264
13,17.39536,4.395361
13,14.5278,1.527804
12,13.51018,1.510184
56,10.38752,45.61248
0,14.31357,14.31357
12,9.808003,2.191997
12,10.25108,1.748918
12,9.720447,2.279553
0,13.00754,13.00754
12,10.17,1.830004
12,13.35793,1.35793
13,9.41204,3.58796
12,9.876538,2.123462
13,11.96287,1.037133
12,16.41495,4.414948
0,15.69124,15.69124
12,9.904677,2.095323
111,22.88991,88.11009
12,9.180579,2.819421
12,36.42257,24.42257
12,9.822978,2.177022
13,15.23618,2.23618
13,11.86471,1.135286
12,10.24648,1.753524
13,11.2276,1.772398
12,9.341909,2.658091
13,12.67354,0.326458
0,9.058373,9.058373
13,10.85933,2.140668
0,16.33674,16.33674
12,9.780966,2.219034
57,9.760828,47.23917
12,11.97032,0.02968121
13,11.04995,1.950046
12,9.289961,2.710039
13,9.361579,3.638421
12,11.47921,0.5207939
57,12.91621,44.08379
0,9.11689,9.11689
12,12.86508,0.865078
13,9.458878,3.541122
0,14.42725,14.42725
13,9.606036,3.393964
13,10.83449,2.165507
13,11.43819,1.561809
0,9.141023,9.141023
12,9.764331,2.235669
13,27.13895,14.13895
12,11.18338,0.816617
74,11.55077,62.44923
12,15.57416,3.574164
13,10.58487,2.415133
12,28.25477,16.25477
12,9.573149,2.426851
0,9.709893,9.709893
0,9.397822,9.397822
12,13.14094,1.140944
13,10.54841,2.451593
12,15.14186,3.141864
12,10.9334,1.066605
13,14.72944,1.729444
13,10.09237,2.907632
13,18.05221,5.05221
14,13.58973,0.4102716
0,14.85449,14.85449
12,9.657383,2.342617
12,24.98536,12.98536
12,9.199589,2.800411
12,12.25994,0.2599382
13,12.4589,0.5411043
12,10.05657,1.943433
12,10.28985,1.710146
13,18.91829,5.918295
0,11.23153,11.23153
12,15.8123,3.812296
12,10.95572,1.044283
13,15.61703,2.617028
13,10.69635,2.303647
0,13.27289,13.27289
12,9.2478,2.7522
0,9.532424,9.532424
13,14.21221,1.212214
12,14.84992,2.849919
71,12.34751,58.65249
12,15.24133,3.24133
12,10.58152,1.418479
13,20.68825,7.68825
0,9.898623,9.898623
12,14.49977,2.499771
12,14.43075,2.430749
0,9.890866,9.890866
12,24.65321,12.65321
81,18.78215,62.21785
0,9.183135,9.183135
12,16.87567,4.875673
0,13.76196,13.76196
42,11.20656,30.79344
12,9.151951,2.848049
12,9.223029,2.776971
0,14.14644,14.14644
12,9.533473,2.466527
13,12.44487,0.5551252
12,9.511586,2.488414
0,12.81172,12.81172
13,10.24315,2.756854
81,18.13115,62.86885
0,10.74234,10.74234
13,11.67302,1.326978
12,9.639413,2.360587
73,15.0241,57.9759
13,10.03528,2.964721
12,15.14602,3.146015
12,13.05458,1.054583
12,9.195518,2.804482
12,9.534295,2.465705
0,9.10867,9.10867
13,15.59034,2.590341
53,10.3435,42.65651
88,14.58115,73.41885
61,18.81052,42.18948
12,9.1219,2.8781
53,9.676806,43.32319
46,13.87068,32.12932
77,9.973282,67.02672
12,11.84763,0.1523714
12,12.84976,0.849762
13,10.49581,2.504187
72,10.90364,61.09636
18,17.63018,0.3698215
0,19.4264,19.4264
12,11.01275,0.9872513
12,11.50977,0.4902277
13,15.11984,2.119841
13,9.339269,3.660731
12,16.04723,4.047226
0,12.18616,12.18616
12,15.67336,3.673356
12,13.90395,1.903947
13,18.68087,5.680874
0,15.73328,15.73328
12,9.403659,2.596341
52,24.33285,27.66715
0,13.18315,13.18315
13,9.396354,3.603646
12,11.82759,0.1724148
12,16.93946,4.939461
12,9.317059,2.682941
12,16.84505,4.845049
58,18.74895,39.25105
64,19.15177,44.84823
0,17.35753,17.35753
13,16.68077,3.680769
12,28.21882,16.21882
12,9.696179,2.303821
12,12.66655,0.6665487
0,13.55021,13.55021
12,10.11363,1.886367
13,9.421448,3.578552
12,12.56269,0.5626936
12,9.407196,2.592804
68,10.86734,57.13266
12,23.51456,11.51456
0,10.00106,10.00106
12,13.388,1.388
12,9.137937,2.862063
12,9.515431,2.484569
12,18.11211,6.112106
12,13.14754,1.147544
13,18.70315,5.703146
14,11.82219,2.17781
0,12.48497,12.48497
13,10.33886,2.661138
12,11.30497,0.695035
12,18.80166,6.801661
0,8.908399,8.908399
0,9.293624,9.293624
12,9.657628,2.342372
12,9.144304,2.855696
0,9.205943,9.205943
0,26.10964,26.10964
12,9.118167,2.881833
56,11.91158,44.08842
12,36.57626,24.57626
13,9.389079,3.610921
12,9.426703,2.573297
12,10.18208,1.81792
12,9.183988,2.816012
13,15.93806,2.938056
13,13.13731,0.1373053
61,55.80666,5.193336
13,10.24769,2.752311
12,18.54424,6.544235
12,19.3207,7.320704
54,15.69417,38.30582
12,9.915452,2.084548
12,9.647552,2.352448
13,15.75003,2.750031
12,9.799734,2.200266
12,9.343268,2.656732
0,13.52477,13.52477
12,10.09548,1.904524
61,10.31515,50.68485
12,10.69308,1.306918
12,9.263431,2.736569
13,11.41161,1.588386
12,10.2389,1.7611
56,25.1928,30.8072
54,25.29249,28.70751
12,10.10671,1.893293
0,8.876021,8.876021
13,10.92619,2.073808
59,10.12936,48.87064
57,20.7047,36.2953
0,8.760932,8.760932
13,11.38411,1.615893
12,9.56786,2.43214
0,11.25053,11.25053
0,9.128222,9.128222
14,10.23792,3.762084
13,17.27473,4.274733
13,9.899683,3.100317
12,16.7485,4.748503
12,9.557538,2.442462
12,13.60726,1.607261
12,10.3764,1.623602
62,12.44026,49.55974
13,13.0216,0.02159786
59,17.65817,41.34183
0,11.92154,11.92154
0,13.36603,13.36603
0,17.95884,17.95884
12,9.540433,2.459567
59,10.19962,48.80038
0,9.920307,9.920307
12,9.500209,2.499791
12,15.43851,3.438506
12,10.28413,1.715875
13,12.11036,0.8896437
12,9.644986,2.355014
56,26.86038,29.13962
57,9.706407,47.29359
12,9.641971,2.358029
13,13.17713,0.1771278
0,9.602866,9.602866
12,9.812782,2.187218
12,9.303254,2.696746
12,15.97801,3.978009
13,10.06711,2.932885
12,13.36673,1.366729
56,9.886184,46.11382
87,14.02263,72.97736
71,18.08467,52.91534
68,16.81717,51.18282
12,10.78572,1.214282
12,9.587128,2.412872
54,12.64614,41.35386
12,13.90845,1.90845
53,26.10911,26.89089
0,9.534902,9.534902
12,12.29034,0.2903376
57,20.50546,36.49454
12,9.59784,2.40216
12,10.09259,1.907414
12,10.16943,1.83057
12,10.18407,1.81593
12,11.88445,0.1155519
12,10.02512,1.974876
12,9.49472,2.50528
12,17.20082,5.200823
113,9.581495,103.4185
12,9.262287,2.737713
12,9.594871,2.405129
13,9.570979,3.429021
12,9.548547,2.451453
12,9.85259,2.14741
13,9.475146,3.524854
12,32.75825,20.75825
64,11.84183,52.15817
14,18.0918,4.091805
12,9.36168,2.63832
71,21.19529,49.80471
12,9.55898,2.44102
12,16.51974,4.519735
12,17.50007,5.500071
12,11.70681,0.2931871
0,9.363449,9.363449
12,9.309995,2.690005
0,9.975305,9.975305
12,15.9908,3.990804
0,9.414662,9.414662
12,9.646973,2.353027
13,9.633567,3.366433
56,18.43108,37.56892
0,10.88686,10.88686
12,16.47172,4.471716
0,9.383727,9.383727
54,14.3504,39.6496
13,13.77769,0.7776937
111,13.98107,97.01893
13,9.37052,3.62948
12,10.78773,1.212269
13,9.614558,3.385442
12,9.351157,2.648843
12,21.17313,9.173128
12,9.440307,2.559693
12,9.078259,2.921741
12,13.93354,1.933537
13,14.33004,1.330036
12,8.778619,3.221381
12,15.5006,3.500602
0,9.325549,9.325549
54,15.61609,38.38391
0,22.56198,22.56198
12,10.78978,1.210218
0,16.3799,16.3799
12,11.0988,0.9012003
13,10.11302,2.886981
12,18.64822,6.648216
13,9.860169,3.139831
12,12.5704,0.5704012
73,15.14499,57.85501
12,18.3377,6.337704
13,10.87355,2.126454
59,9.907912,49.09209
0,9.277087,9.277087
12,11.04057,0.9594316
12,9.831811,2.168189
87,14.02263,72.97736
13,25.94198,12.94198
12,20.80908,8.809076
87,14.02263,72.97736
12,9.196429,2.803571
12,12.42675,0.426754
12,9.804097,2.195903
12,15.01435,3.014352
13,9.397416,3.602584
13,9.192195,3.807805
12,16.60132,4.60132
12,27.60067,15.60067
12,20.89174,8.891735
13,9.832467,3.167533
12,10.70477,1.295228
0,16.71252,16.71252
12,12.2819,0.2819023
13,9.28182,3.71818
0,10.19131,10.19131
0,11.83067,11.83067
0,9.797441,9.797441
13,9.112381,3.887619
12,11.88887,0.1111269
13,9.872822,3.127178
12,20.9324,8.932396
13,14.69035,1.690354
54,12.43695,41.56305
0,11.74055,11.74055
12,10.63328,1.366719
42,17.43517,24.56483
12,12.83001,0.8300066
12,9.732561,2.267439
12,10.42299,1.577006
0,10.96894,10.96894
12,17.78051,5.780508
12,10.29691,1.703088
56,11.83167,44.16833
12,21.37772,9.377724
12,11.65206,0.3479395
0,19.73347,19.73347
12,9.487053,2.512947
12,18.20465,6.204647
13,14.93719,1.937186
12,9.914727,2.085273
12,9.565597,2.434403
13,9.54604,3.45396
12,16.67726,4.677261
12,10.61479,1.385205
12,11.18269,0.8173113
13,9.843995,3.156005
54,15.02456,38.97544
13,29.55353,16.55353
12,10.64058,1.359422
113,20.14148,92.85852
12,9.32861,2.67139
57,10.02975,46.97025
12,9.845998,2.154002
12,9.604733,2.395267
12,26.78012,14.78012
13,10.43753,2.56247
13,14.29766,1.297656
13,14.83518,1.835177
12,10.62503,1.374969
12,13.05039,1.050385
13,9.130874,3.869126
12,17.34225,5.342245
13,16.76797,3.767965
71,12.34751,58.65249
12,11.66684,0.3331556
12,14.32213,2.322133
112,12.43297,99.56703
12,24.28091,12.28091
56,13.81678,42.18322
13,9.116733,3.883267
12,9.424371,2.575629
0,9.967292,9.967292
13,9.212781,3.787219
12,22.17361,10.17361
12,11.04852,0.9514799
12,20.03113,8.031128
71,12.34751,58.65249
12,9.597267,2.402733
0,10.91928,10.91928
12,9.10883,2.89117
14,10.26411,3.735889
54,13.62196,40.37804
12,31.02625,19.02625
12,23.33243,11.33243
12,19.13316,7.133158
12,12.29949,0.2994909
87,14.02263,72.97736
12,12.77879,0.7787886
12,9.790658,2.209342
12,9.594286,2.405714
12,37.02937,25.02937
12,15.605,3.604997
87,14.02263,72.97736
79,12.09805,66.90195
0,9.365451,9.365451
0,11.61912,11.61912
12,10.28994,1.710061
12,13.69627,1.696268
13,11.95324,1.046756
0,9.459714,9.459714
13,15.94667,2.946674
12,16.13812,4.138123
56,17.39198,38.60802
12,11.57855,0.4214497
12,17.92872,5.92872
12,10.7095,1.290502
12,17.12436,5.124355
74,14.11063,59.88937
13,9.59366,3.40634
12,9.267449,2.732551
57,18.73775,38.26225
13,11.01007,1.989932
13,9.991251,3.008749
13,9.327446,3.672554
12,13.90164,1.901639
13,10.36895,2.631045
68,15.04546,52.95454
0,9.742933,9.742933
53,23.96098,29.03902
13,10.32254,2.67746
57,24.15049,32.84951
12,12.367,0.3670034
13,12.76922,0.2307806
14,11.25395,2.746047
12,10.5587,1.441298
13,14.99462,1.994617
12,14.3154,2.315404
13,13.04663,0.04663181
12,15.25067,3.250666
54,10.70596,43.29404
12,10.17643,1.82357
14,11.13306,2.86694
12,9.581309,2.418691
48,10.2375,37.7625
12,9.720302,2.279698
13,10.37636,2.623643
12,9.828464,2.171536
13,9.885533,3.114467
71,27.11841,43.88159
12,14.03139,2.031386
13,12.62746,0.3725414
12,13.67731,1.677312
0,11.404,11.404
13,9.365704,3.634296
0,28.59436,28.59436
13,12.04648,0.9535151
0,9.580253,9.580253
12,9.546035,2.453965
12,14.84388,2.843879
12,10.95638,1.04362
0,12.50364,12.50364
13,14.31455,1.314547
58,15.30513,42.69487
13,15.44719,2.447192
12,9.137333,2.862667
13,10.26393,2.736073
12,9.974677,2.025323
12,9.826428,2.173572
0,9.830956,9.830956
67,10.91128,56.08871
12,11.01815,0.9818506
12,18.78737,6.787369
13,24.41473,11.41473
12,9.025409,2.974591
82,25.2308,56.7692
12,13.59977,1.599772
0,9.899323,9.899323
12,14.83498,2.834981
12,10.07095,1.929051
13,21.26549,8.265493
12,9.577106,2.422894
71,12.34751,58.65249
0,10.31988,10.31988
12,13.2518,1.251803
68,19.5812,48.4188
0,9.749914,9.749914
13,9.811116,3.188884
12,14.73053,2.730525
14,12.71198,1.288018
13,20.22091,7.220915
12,9.596019,2.403981
12,9.269382,2.730618
57,18.54384,38.45616
13,12.9187,0.0813036
74,10.58295,63.41705
12,13.37984,1.379844
12,16.18193,4.181927
12,18.90784,6.907837
12,20.01136,8.011358
57,18.46245,38.53755
12,10.44349,1.556515
0,10.72849,10.72849
12,12.20779,0.2077913
13,12.17427,0.8257322
14,17.08513,3.085131
12,9.337531,2.662469
12,12.82415,0.8241482
57,21.10887,35.89113
13,9.70943,3.29057
12,15.54721,3.547212
0,9.027104,9.027104
13,10.00026,2.99974
12,10.28409,1.715906
87,14.02263,72.97736
12,10.12782,1.872175
12,9.66011,2.33989
58,10.94904,47.05096
57,12.96069,44.03931
13,9.127811,3.872189
12,9.34671,2.65329
14,10.23611,3.763892
13,15.30881,2.308814
12,13.2213,1.221297
54,12.89536,41.10464
13,9.074812,3.925188
13,10.87653,2.123467
13,9.195793,3.804207
12,9.603488,2.396512
0,9.812566,9.812566
12,13.18441,1.184409
12,9.752606,2.247394
12,9.728407,2.271593
13,9.18548,3.81452
81,9.45983,71.54017
44,27.32511,16.67489
12,14.51154,2.511539
12,10.38228,1.617724
0,8.941131,8.941131
12,9.517897,2.482103
12,10.00351,1.996491
12,10.34756,1.652437
0,9.261654,9.261654
12,9.738055,2.261945
12,12.25042,0.2504168
12,11.28996,0.7100401
71,14.96983,56.03017
12,34.15258,22.15258
12,10.55855,1.441451
12,11.28554,0.7144556
0,9.358027,9.358027
12,21.12221,9.12221
13,9.644919,3.355081
13,17.14759,4.147589
12,14.76877,2.768771
12,9.171693,2.828307
12,31.51425,19.51425
14,12.70725,1.292754
0,9.438258,9.438258
12,9.991378,2.008622
12,10.31734,1.682657
12,17.51549,5.515493
0,9.481608,9.481608
0,37.46392,37.46392
12,9.539535,2.460465
57,12.23442,44.76558
12,14.35194,2.351943
12,29.81545,17.81545
12,9.505523,2.494477
52,14.84232,37.15768
12,13.00342,1.003419
12,9.373034,2.626966
12,16.4062,4.406197
54,39.65994,14.34006
12,9.19513,2.80487
13,9.824503,3.175497
12,15.88817,3.888166
12,12.48338,0.4833822
12,10.33727,1.662734
12,10.58091,1.419089
69,15.59057,53.40944
0,10.37301,10.37301
12,10.33503,1.66497
56,22.12031,33.87968
12,10.47223,1.527766
0,18.31738,18.31738
12,9.612565,2.387435
12,18.28751,6.287508
54,10.47748,43.52251
0,9.084157,9.084157
12,10.36841,1.631593
0,14.2974,14.2974
12,43.01338,31.01338
12,15.63882,3.638824
0,10.17311,10.17311
13,9.965707,3.034293
74,18.79546,55.20454
12,26.84944,14.84944
13,10.22858,2.77142
12,14.06968,2.06968
13,11.43597,1.564034
0,10.83895,10.83895
0,11.70726,11.70726
73,10.7774,62.2226
13,14.57564,1.575641
13,12.30633,0.6936741
13,14.34254,1.342539
12,10.3635,1.636504
0,10.06346,10.06346
12,12.41154,0.41154
